[
{"Time":"2007","Var":"Average Wages","Alcohol":"0","Smokers":"0","Cancer":"0","Suicide":"0","LifeAtOld":"0","LifeAtBirth":"0","Obese":"0","Happiness":"0"},
{"Time":"2007","Var":"Hours worked","Alcohol":"0","Smokers":"0","Cancer":"0","Suicide":"0","LifeAtOld":"0","LifeAtBirth":"0","Obese":"0","Happiness":"0"},
{"Time":"2007","Var":"Education","Alcohol":"0","Smokers":"0","Cancer":"0","Suicide":"0","LifeAtOld":"0","LifeAtBirth":"0","Obese":"0","Happiness":"0"},
{"Time":"2007","Var":"Pollution","Alcohol":"0","Smokers":"0","Cancer":"0","Suicide":"0","LifeAtOld":"0","LifeAtBirth":"0","Obese":"0","Happiness":"0"},
{"Time":"2007","Var":"GDP","Alcohol":"0","Smokers":"0","Cancer":"0","Suicide":"0","LifeAtOld":"0","LifeAtBirth":"0","Obese":"0","Happiness":"0"},
{"Time":"2007","Var":"Social spending","Alcohol":"0","Smokers":"0","Cancer":"0","Suicide":"0","LifeAtOld":"0","LifeAtBirth":"0","Obese":"0","Happiness":"0"},
{"Time":"2007","Var":"Employment rate","Alcohol":"0","Smokers":"0","Cancer":"0","Suicide":"0","LifeAtOld":"0","LifeAtBirth":"0","Obese":"0","Happiness":"0"},
{"Time":"2008","Var":"Average Wages","Alcohol":"0","Smokers":"0","Cancer":"0","Suicide":"0","LifeAtOld":"0","LifeAtBirth":"0","Obese":"0","Happiness":"0"},
{"Time":"2008","Var":"Hours worked","Alcohol":"0","Smokers":"0","Cancer":"0","Suicide":"0","LifeAtOld":"0","LifeAtBirth":"0","Obese":"0","Happiness":"0"},
{"Time":"2008","Var":"Education","Alcohol":"0","Smokers":"0","Cancer":"0","Suicide":"0","LifeAtOld":"0","LifeAtBirth":"0","Obese":"0","Happiness":"0"},
{"Time":"2008","Var":"Pollution","Alcohol":"0","Smokers":"0","Cancer":"0","Suicide":"0","LifeAtOld":"0","LifeAtBirth":"0","Obese":"0","Happiness":"0"},
{"Time":"2008","Var":"GDP","Alcohol":"0","Smokers":"0","Cancer":"0","Suicide":"0","LifeAtOld":"0","LifeAtBirth":"0","Obese":"0","Happiness":"0"},
{"Time":"2008","Var":"Social spending","Alcohol":"0","Smokers":"0","Cancer":"0","Suicide":"0","LifeAtOld":"0","LifeAtBirth":"0","Obese":"0","Happiness":"0"},
{"Time":"2008","Var":"Employment rate","Alcohol":"0","Smokers":"0","Cancer":"0","Suicide":"0","LifeAtOld":"0","LifeAtBirth":"0","Obese":"0","Happiness":"0"},
{"Time":"2009","Var":"Average Wages","Alcohol":"0","Smokers":"0","Cancer":"0","Suicide":"0","LifeAtOld":"0","LifeAtBirth":"0","Obese":"0","Happiness":"0"},
{"Time":"2009","Var":"Hours worked","Alcohol":"0","Smokers":"0","Cancer":"0","Suicide":"0","LifeAtOld":"0","LifeAtBirth":"0","Obese":"0","Happiness":"0"},
{"Time":"2009","Var":"Education","Alcohol":"0","Smokers":"0","Cancer":"0","Suicide":"0","LifeAtOld":"0","LifeAtBirth":"0","Obese":"0","Happiness":"0"},
{"Time":"2009","Var":"Pollution","Alcohol":"0","Smokers":"0","Cancer":"0","Suicide":"0","LifeAtOld":"0","LifeAtBirth":"0","Obese":"0","Happiness":"0"},
{"Time":"2009","Var":"GDP","Alcohol":"0","Smokers":"0","Cancer":"0","Suicide":"0","LifeAtOld":"0","LifeAtBirth":"0","Obese":"0","Happiness":"0"},
{"Time":"2009","Var":"Social spending","Alcohol":"0","Smokers":"0","Cancer":"0","Suicide":"0","LifeAtOld":"0","LifeAtBirth":"0","Obese":"0","Happiness":"0.818463098"},
{"Time":"2009","Var":"Employment rate","Alcohol":"0","Smokers":"0","Cancer":"0","Suicide":"0","LifeAtOld":"0","LifeAtBirth":"0","Obese":"0","Happiness":"0.096052411"},
{"Time":"2010","Var":"Average Wages","Alcohol":"0.397997419","Smokers":"0.38282907","Cancer":"0.511975832","Suicide":"0.079195329","LifeAtOld":"0.103854571","LifeAtBirth":"0.800245928","Obese":"0.08383009","Happiness":"0.581105016"},
{"Time":"2010","Var":"Hours worked","Alcohol":"0.057201136","Smokers":"0.703047906","Cancer":"0.264762136","Suicide":"0.112355662","LifeAtOld":"0.050021605","LifeAtBirth":"0.107020438","Obese":"0.290980028","Happiness":"0.532475642"},
{"Time":"2010","Var":"Education","Alcohol":"0.057201136","Smokers":"0.703047906","Cancer":"0.264762136","Suicide":"0.112355662","LifeAtOld":"0.050021605","LifeAtBirth":"0.107020438","Obese":"0.290980028","Happiness":"0.214333138"},
{"Time":"2010","Var":"Pollution","Alcohol":"0.474253375","Smokers":"0.300168255","Cancer":"0.474763931","Suicide":"0.692849103","LifeAtOld":"0.360489099","LifeAtBirth":"0.010192625","Obese":"0.706968437","Happiness":"0.553731976"},
{"Time":"2010","Var":"GDP","Alcohol":"0.380117508","Smokers":"0.388796157","Cancer":"0.045886541","Suicide":"0.257274612","LifeAtOld":"0.306086774","LifeAtBirth":"0.09601616","Obese":"0.393952893","Happiness":"0.501320284"},
{"Time":"2010","Var":"Social spending","Alcohol":"0.47534249","Smokers":"0.22632735","Cancer":"0.206467598","Suicide":"0.490200018","LifeAtOld":"0.325271716","LifeAtBirth":"0.118870508","Obese":"0.502307144","Happiness":"0.333406084"},
{"Time":"2010","Var":"Employment rate","Alcohol":"0.37478493","Smokers":"0.548580082","Cancer":"0.422307046","Suicide":"0.132768771","LifeAtOld":"0.296225568","LifeAtBirth":"0.344999875","Obese":"0.36457759","Happiness":"0.226394404"},
{"Time":"2011","Var":"Average Wages","Alcohol":"0.10473884","Smokers":"0.403059313","Cancer":"0.329002643","Suicide":"0.404434324","LifeAtOld":"0.120080455","LifeAtBirth":"0.736363758","Obese":"0.098869844","Happiness":"0.727974506"},
{"Time":"2011","Var":"Hours worked","Alcohol":"0.016119689","Smokers":"0.654622419","Cancer":"0.420884817","Suicide":"0.127183823","LifeAtOld":"0.276727052","LifeAtBirth":"0.2950408","Obese":"0.413771298","Happiness":"0.742191282"},
{"Time":"2011","Var":"Education","Alcohol":"0.759063757","Smokers":"0.729104514","Cancer":"0.375051968","Suicide":"0.484665394","LifeAtOld":"0.22617071","LifeAtBirth":"0.0400518","Obese":"0.664521554","Happiness":"0.262433784"},
{"Time":"2011","Var":"Pollution","Alcohol":"0.473406035","Smokers":"0.660117467","Cancer":"0.39617729","Suicide":"0.816308955","LifeAtOld":"0.045109835","LifeAtBirth":"0.152964934","Obese":"0.955115919","Happiness":"0.301212421"},
{"Time":"2011","Var":"GDP","Alcohol":"0.759430944","Smokers":"0.566241737","Cancer":"0.253652817","Suicide":"0.271609532","LifeAtOld":"0.128982066","LifeAtBirth":"0.08859334","Obese":"0.434759163","Happiness":"0.755479367"},
{"Time":"2011","Var":"Social spending","Alcohol":"0.640292458","Smokers":"0.59745246","Cancer":"0.228619198","Suicide":"0.612330994","LifeAtOld":"0.062732459","LifeAtBirth":"0.127506449","Obese":"0.751394393","Happiness":"0.423768361"},
{"Time":"2011","Var":"Employment rate","Alcohol":"0.342097014","Smokers":"0.768184037","Cancer":"0.025062708","Suicide":"0.093316486","LifeAtOld":"0.605220977","LifeAtBirth":"0.707215352","Obese":"0.310339127","Happiness":"0.577191368"},
{"Time":"2012","Var":"Average Wages","Alcohol":"0.748359306","Smokers":"0.696854359","Cancer":"0.562717514","Suicide":"0.372414095","LifeAtOld":"0.138258452","LifeAtBirth":"0.401508112","Obese":"0.52499249","Happiness":"0.223314524"},
{"Time":"2012","Var":"Hours worked","Alcohol":"0.038653943","Smokers":"0.210620778","Cancer":"0.23405324","Suicide":"0.027373095","LifeAtOld":"0.372001415","LifeAtBirth":"0.045772244","Obese":"0.284445467","Happiness":"0.508415184"},
{"Time":"2012","Var":"Education","Alcohol":"0.376002717","Smokers":"0.107181442","Cancer":"0.260857354","Suicide":"0.135961017","LifeAtOld":"0.660265691","LifeAtBirth":"0.815461634","Obese":"0.04657935","Happiness":"0.001688401"},
{"Time":"2012","Var":"Pollution","Alcohol":"0.411683308","Smokers":"0.066941196","Cancer":"0.467584146","Suicide":"0.497718018","LifeAtOld":"0.694600357","LifeAtBirth":"0.553302239","Obese":"0.402325997","Happiness":"0.798813728"},
{"Time":"2012","Var":"GDP","Alcohol":"0.469746469","Smokers":"0.12643311","Cancer":"0.25000116","Suicide":"0.185709685","LifeAtOld":"0.527932716","LifeAtBirth":"0.518578307","Obese":"0.0816589","Happiness":"0.382064842"},
{"Time":"2012","Var":"Social spending","Alcohol":"0.524996018","Smokers":"0.047114276","Cancer":"0.300802456","Suicide":"0.340899287","LifeAtOld":"0.552716782","LifeAtBirth":"0.495311347","Obese":"0.225138044","Happiness":"0.22412574"},
{"Time":"2012","Var":"Employment rate","Alcohol":"0.078289078","Smokers":"0.27048241","Cancer":"0.171585184","Suicide":"0.042599559","LifeAtOld":"0.469632163","LifeAtBirth":"0.385643139","Obese":"0.15738164","Happiness":"0.32355841"},
{"Time":"2013","Var":"Average Wages","Alcohol":"0.429667135","Smokers":"0.44683388","Cancer":"0.016972771","Suicide":"0.016077839","LifeAtOld":"0.024771492","LifeAtBirth":"0.383622348","Obese":"0.078225394","Happiness":"0.70287549"},
{"Time":"2013","Var":"Hours worked","Alcohol":"0.031695618","Smokers":"0.708188803","Cancer":"0.017007768","Suicide":"0.101460314","LifeAtOld":"0.087650649","LifeAtBirth":"0.006291769","Obese":"0.361274213","Happiness":"0.169014695"},
{"Time":"2013","Var":"Education","Alcohol":"0.677383615","Smokers":"0.420776524","Cancer":"0.469213103","Suicide":"0.36064279","LifeAtOld":"0.547986878","LifeAtBirth":"0.33726749","Obese":"0.550717268","Happiness":"0.786565319"},
{"Time":"2013","Var":"Pollution","Alcohol":"0.55412247","Smokers":"0.136360016","Cancer":"0.632560368","Suicide":"0.638606441","LifeAtOld":"0.368544166","LifeAtBirth":"0.440561371","Obese":"0.705122267","Happiness":"0.55532046"},
{"Time":"2013","Var":"GDP","Alcohol":"0.52643455","Smokers":"0.386548365","Cancer":"0.062431622","Suicide":"0.354548663","LifeAtOld":"0.54007625","LifeAtBirth":"0.047814116","Obese":"0.438091097","Happiness":"0.334365998"},
{"Time":"2013","Var":"Social spending","Alcohol":"0.594332724","Smokers":"0.243571053","Cancer":"0.307442044","Suicide":"0.503114009","LifeAtOld":"0.674853248","LifeAtBirth":"0.15880791","Obese":"0.526025019","Happiness":"0.541053694"},
{"Time":"2013","Var":"Employment rate","Alcohol":"0.168491873","Smokers":"0.481863182","Cancer":"0.365955389","Suicide":"0.156646799","LifeAtOld":"0.211539262","LifeAtBirth":"0.546804858","Obese":"0.417433866","Happiness":"0.056303112"},
{"Time":"2014","Var":"Average Wages","Alcohol":"0.490874195","Smokers":"0.493641432","Cancer":"0.667798833","Suicide":"0.403862623","LifeAtOld":"0.33266224","LifeAtBirth":"0.741546232","Obese":"0.204703777","Happiness":"0.12616065"},
{"Time":"2014","Var":"Hours worked","Alcohol":"0.03215512","Smokers":"0.379713805","Cancer":"0.062862999","Suicide":"0.100672479","LifeAtOld":"0.125152102","LifeAtBirth":"0.063986826","Obese":"0.125089199","Happiness":"0.659451323"},
{"Time":"2014","Var":"Education","Alcohol":"0.020185932","Smokers":"0.68366909","Cancer":"0.58405111","Suicide":"0.363629066","LifeAtOld":"0.543614481","LifeAtBirth":"0.759447984","Obese":"0.129106669","Happiness":"0.274052553"},
{"Time":"2014","Var":"Pollution","Alcohol":"0.49332767","Smokers":"0.261695761","Cancer":"0.084744704","Suicide":"0.291367009","LifeAtOld":"0.321734039","LifeAtBirth":"0.070195618","Obese":"0.500861282","Happiness":"0.406918031"},
{"Time":"2014","Var":"GDP","Alcohol":"0.19552791","Smokers":"0.627011443","Cancer":"0.317627045","Suicide":"0.234767294","LifeAtOld":"0.493148487","LifeAtBirth":"0.474009748","Obese":"0.02296669","Happiness":"0.450967342"},
{"Time":"2014","Var":"Social spending","Alcohol":"0.217060987","Smokers":"0.49680389","Cancer":"0.322496794","Suicide":"0.412363316","LifeAtOld":"0.535721004","LifeAtBirth":"0.545689316","Obese":"0.135199068","Happiness":"0.749288641"},
{"Time":"2014","Var":"Employment rate","Alcohol":"0.246503103","Smokers":"0.475811539","Cancer":"0.035884889","Suicide":"0.274705102","LifeAtOld":"0.119593887","LifeAtBirth":"0.148668744","Obese":"0.001172529","Happiness":"0"},
{"Time":"2015","Var":"Average Wages","Alcohol":"0.185849919","Smokers":"0.515600618","Cancer":"0.6504245","Suicide":"0.286418134","LifeAtOld":"0.421744278","LifeAtBirth":"0.276818911","Obese":"0.509464139","Happiness":"0"},
{"Time":"2015","Var":"Hours worked","Alcohol":"0.116586782","Smokers":"0.44966282","Cancer":"0.40782906","Suicide":"0.447457128","LifeAtOld":"0.440515634","LifeAtBirth":"0.269225026","Obese":"0.732629025","Happiness":"0"},
{"Time":"2015","Var":"Education","Alcohol":"0.000394289","Smokers":"0.633237965","Cancer":"0.568067724","Suicide":"0.541549013","LifeAtOld":"0.381596531","LifeAtBirth":"0.171227279","Obese":"0.801726834","Happiness":"0"},
{"Time":"2015","Var":"Pollution","Alcohol":"0.206974648","Smokers":"0.284926438","Cancer":"0.520846079","Suicide":"0.808192829","LifeAtOld":"0.035008737","LifeAtBirth":"0.24810655","Obese":"0.855615018","Happiness":"0"},
{"Time":"2015","Var":"GDP","Alcohol":"0.6909319","Smokers":"0.159477682","Cancer":"0.739808459","Suicide":"0.440635225","LifeAtOld":"0.287419647","LifeAtBirth":"0.40852107","Obese":"0.490189271","Happiness":"0"},
{"Time":"2015","Var":"Social spending","Alcohol":"0.064811362","Smokers":"0.27927409","Cancer":"0.500067036","Suicide":"0.823107071","LifeAtOld":"0.241534036","LifeAtBirth":"0.366336269","Obese":"0.689691397","Happiness":"0"},
{"Time":"2015","Var":"Employment rate","Alcohol":"0.199498069","Smokers":"0.867053571","Cancer":"0.05009985","Suicide":"0.010586436","LifeAtOld":"0.589673225","LifeAtBirth":"0.017473312","Obese":"0.41206416","Happiness":"0"},
{"Time":"2016","Var":"Average Wages","Alcohol":"0","Smokers":"0","Cancer":"0","Suicide":"0","LifeAtOld":"0","LifeAtBirth":"0","Obese":"0","Happiness":"0"},
{"Time":"2016","Var":"Hours worked","Alcohol":"0","Smokers":"0","Cancer":"0","Suicide":"0","LifeAtOld":"0","LifeAtBirth":"0","Obese":"0","Happiness":"0"},
{"Time":"2016","Var":"Education","Alcohol":"0","Smokers":"0","Cancer":"0","Suicide":"0","LifeAtOld":"0","LifeAtBirth":"0","Obese":"0","Happiness":"0"},
{"Time":"2016","Var":"Pollution","Alcohol":"0","Smokers":"0","Cancer":"0","Suicide":"0","LifeAtOld":"0","LifeAtBirth":"0","Obese":"0","Happiness":"0"},
{"Time":"2016","Var":"GDP","Alcohol":"0","Smokers":"0","Cancer":"0","Suicide":"0","LifeAtOld":"0","LifeAtBirth":"0","Obese":"0","Happiness":"0"},
{"Time":"2016","Var":"Social spending","Alcohol":"0","Smokers":"0","Cancer":"0","Suicide":"0","LifeAtOld":"0","LifeAtBirth":"0","Obese":"0","Happiness":""},
{"Time":"2016","Var":"Employment rate","Alcohol":"0","Smokers":"0","Cancer":"0","Suicide":"0","LifeAtOld":"0","LifeAtBirth":"0","Obese":"0","Happiness":""},
{"Time":"2017","Var":"Average Wages","Alcohol":"0","Smokers":"0","Cancer":"0","Suicide":"0","LifeAtOld":"0","LifeAtBirth":"0","Obese":"0","Happiness":""},
{"Time":"2017","Var":"Hours worked","Alcohol":"0","Smokers":"0","Cancer":"0","Suicide":"0","LifeAtOld":"0","LifeAtBirth":"0","Obese":"0","Happiness":""},
{"Time":"2017","Var":"Education","Alcohol":"0","Smokers":"0","Cancer":"0","Suicide":"0","LifeAtOld":"0","LifeAtBirth":"0","Obese":"0","Happiness":""},
{"Time":"2017","Var":"Pollution","Alcohol":"0","Smokers":"0","Cancer":"0","Suicide":"0","LifeAtOld":"0","LifeAtBirth":"0","Obese":"0","Happiness":""},
{"Time":"2017","Var":"GDP","Alcohol":"0","Smokers":"0","Cancer":"0","Suicide":"0","LifeAtOld":"0","LifeAtBirth":"0","Obese":"0","Happiness":""},
{"Time":"2017","Var":"Social spending","Alcohol":"0","Smokers":"0","Cancer":"0","Suicide":"0","LifeAtOld":"0","LifeAtBirth":"0","Obese":"0","Happiness":""},
{"Time":"2017","Var":"Employment rate","Alcohol":"0","Smokers":"0","Cancer":"0","Suicide":"0","LifeAtOld":"0","LifeAtBirth":"0","Obese":"0","Happiness":""}
]