alcohol,average_wages,cancer,education,employment_rate,gdp,happiness,hours_worked,life_at_birth,life_at_old,location,obese,pollution,smokers,social_spending,suicide,time
,,,,,,3.7,,,,AFG,,,,,,2008
,,,,,,4.4,,,,AFG,,,,,,2009
,,,,,,4.8,100,,,AFG,,,,,,2010
,,,,,,3.8,100,,,AFG,,,,,,2011
,,,,,,3.8,100,,,AFG,,,,,,2012
,,,,,,3.6,100,,,AFG,,,,,,2013
,,,,,,3.1,100,,,AFG,,,,,,2014
,,,,,,4,100,,,AFG,,,,,,2015
,,,,,,4.2,100,,,AFG,,,,,,2016
,,,,,,2.7,100,,,AFG,,,,,,2017
,,,,,,,100,,,AGO,,,,,,2010
,,,,,,5.6,100,,,AGO,,,,,,2011
,,,,,,4.4,100,,,AGO,,,,,,2012
,,,,,,3.9,100,,,AGO,,,,,,2013
,,,,,,3.8,100,,,AGO,,,,,,2014
,,,,,,,100,,,AGO,,,,,,2015
,,,,,,,100,,,AGO,,,,,,2016
,,,,,,,100,,,AGO,,,,,,2017
,,,,,,4.6,,,,ALB,,,,,,2007
,,,,,,5.5,,,,ALB,,,,,,2009
,,,,,,5.3,99,,,ALB,,,,,,2010
,,,,,,5.9,99,,,ALB,,,,,,2011
,,,,,,5.5,99,,,ALB,,,,,,2012
,,,,,,4.6,99,,,ALB,,,,,,2013
,,,,,,4.8,99,,,ALB,,,,,,2014
,,,,,,4.6,99,,,ALB,,,,,,2015
,,,,,,4.5,99,,,ALB,,,,,,2016
,,,,,,4.6,99,,,ALB,,,,,,2017
,,,,,,6.9,,,,ARE,,,,,,2009
,,,,,,7.1,99.4,,,ARE,,,,,,2010
,,,,,,7.1,99.4,,,ARE,,,,,,2011
,,,,,,7.2,99.4,,,ARE,,,,,,2012
,,,,,,6.6,99.4,,,ARE,,,,,,2013
,,,,,,6.5,99.4,,,ARE,,,,,,2014
,,,,,,6.6,99.4,,,ARE,,,,,,2015
,,,,,,6.8,99.4,,,ARE,,,,,,2016
,,,,,,7,99.4,,,ARE,,,,,,2017
,,,,,17128.8,6.1,,,,ARG,,,,,,2007
,35.2,,,,17995,6,,,,ARG,,,,,,2008
,35.7,,,,16893.6,6.4,,,,ARG,,,,,,2009
,,,,,18529.3,6.4,99.5,,,ARG,,,,,,2010
,37,,,,19817.5,6.8,99.5,,,ARG,,,,,,2011
,38,,,,19749.5,6.5,99.3,,,ARG,,,,,,2012
,38.3,,,,20322.5,6.6,99,,,ARG,,,,,,2013
,38.2,,,,19946.9,6.7,98.4,,,ARG,,,,,,2014
,,,,,20491.8,6.7,98.3,,,ARG,,,,,,2015
,,,,,20257.8,6.4,96,,,ARG,,,,,,2016
,40.1,,,,21064.2,6,96,,,ARG,,,,,,2017
,,,,,,4.9,,,,ARM,,,,,,2007
,,,,,,4.7,,,,ARM,,,,,,2008
,,,,,,4.2,,,,ARM,,,,,,2009
,,,,,,4.4,100,,,ARM,,,,,,2010
,,,,,,4.3,100,,,ARM,,,,,,2011
,,,,,,4.3,100,,,ARM,,,,,,2012
,,,,,,4.3,100,,,ARM,,,,,,2013
,,,,,,4.5,100,,,ARM,,,,,,2014
,,,,,,4.3,100,,,ARM,,,,,,2015
,,,,,,4.3,100,,,ARM,,,,,,2016
,,,,,,4.3,100,,,ARM,,,,,,2017
10.8,34.4,203,50565.4,72.8,39612.9,7.3,,81.4,20.1,AUS,58.6,1722.6,16.9,6612.4,10.6,2007
10.6,33.8,207.9,50973.2,73.2,40094.8,7.3,,81.5,20.1,AUS,,1720.9,,7097.9,10.9,2008
10.5,34.1,200.8,50511,72.1,41613.6,,,81.6,20.2,AUS,,1692.3,,7066.6,10.7,2009
10.3,35.6,201.8,52253,72.4,42812.1,7.5,34.1,81.8,20.4,AUS,,1699.9,15.4,6997,10.9,2010
10,35.7,199.6,53905.8,72.7,44419.3,7.4,37.6,82,20.6,AUS,63.4,1699.9,,7342.4,10.7,2011
9.9,35.2,193.1,54226.2,72.3,43879.2,7.2,31.7,82.1,20.6,AUS,,1692.5,,7514.1,11.4,2012
9.8,36.2,192.3,53977.4,72,47761.2,7.4,29.7,82.2,20.6,AUS,,1689.4,13,7744.2,11.3,2013
9.5,35.2,187.8,54391.8,71.6,47638.6,7.3,28.3,82.4,20.8,AUS,63.4,1683.3,,8095.5,12.5,2014
9.7,36.1,190.4,53946.3,72.2,47351,7.3,27.4,82.5,20.9,AUS,,1683.5,,8328.1,12.9,2015
9.4,36.2,185,53971.6,72.4,50262.6,7.3,26,82.5,20.9,AUS,,1673.4,12.4,8029.1,11.9,2016
,35.6,,53507.3,73,51993.8,7.3,26,82.6,21,AUS,56.4,1674.9,,,,2017
12.9,54.8,207.1,48644.6,69.9,39394,,,80.3,19.2,AUT,,1612,,10695.2,14.6,2007
12.4,54.7,212,49509.4,70.8,41316,7.2,,80.5,19.4,AUT,,1605,,11001.9,14.1,2008
12.1,54.7,206.8,50312.2,70.3,40935.5,,,80.4,19.4,AUT,,1564,,11370.2,14.1,2009
12.5,54.6,204,50096.7,70.8,42017.8,7.3,98.8,80.7,19.6,AUT,,1557,,11592.2,13.9,2010
12.2,54.4,202.9,49578.9,71.1,44469.2,7.5,99.4,81.1,19.9,AUT,,1562,,11538.8,14.1,2011
12.4,54.2,201.9,49835.1,71.4,46477.7,7.4,98,81,19.7,AUT,,1540,,11723.2,13.7,2012
12,53.2,197.1,49896.5,71.4,47936.7,7.5,96.7,81.2,19.9,AUT,,1525,,11829.5,13.6,2013
12.4,54,197.2,50082.8,71.1,48813.5,6.9,95.1,81.6,20.1,AUT,46.7,1516,24.3,11930,13.9,2014
11.6,54.1,192.1,50373.8,71.1,49955.5,7.1,93,81.3,19.7,AUT,,1500,,11926.1,12.9,2015
11.8,53.1,187.3,50906,71.5,51790.9,7,87,81.7,20.1,AUT,,1512,,,12.2,2016
,52.6,184.7,50851.4,72.2,53952.3,7.3,87,81.7,20,AUT,,1511,,,12.4,2017
,,,,,,4.6,,,,AZE,,,,,,2007
,,,,,,4.8,,,,AZE,,,,,,2008
,,,,,,4.6,,,,AZE,,,,,,2009
,,,,,,4.2,99.9,,,AZE,,,,,,2010
,,,,,,4.7,99.9,,,AZE,,,,,,2011
,,,,,,4.9,99.9,,,AZE,,,,,,2012
,,,,,,5.5,99.9,,,AZE,,,,,,2013
,,,,,,5.3,99.9,,,AZE,,,,,,2014
,,,,,,5.1,99.9,,,AZE,,,,,,2015
,,,,,,5.3,99.9,,,AZE,,,,,,2016
,,,,,,5.2,99.9,,,AZE,,,,,,2017
,,,,,,3.6,,,,BDI,,,,,,2008
,,,,,,3.8,,,,BDI,,,,,,2009
,,,,,,,100,,,BDI,,,,,,2010
,,,,,,3.7,100,,,BDI,,,,,,2011
,,,,,,,100,,,BDI,,,,,,2012
,,,,,,,100,,,BDI,,,,,,2013
,,,,,,2.9,100,,,BDI,,,,,,2014
,,,,,,,100,,,BDI,,,,,,2015
,,,,,,,100,,,BDI,,,,,,2016
,,,,,,,100,,,BDI,,,,,,2017
10.3,35.9,220.5,50575.4,62,36871.6,7.2,,79.9,19.1,BEL,,1577,,10108.8,16.7,2007
10.5,37.3,222,50725,62.4,38133.4,7.1,,79.8,19.1,BEL,47.5,1570,20.5,10663.7,17.9,2008
10.1,37.2,216.4,51159.3,61.6,38010.5,,,80.1,19.4,BEL,,1548,,11244.1,17.9,2009
10.3,35.5,217.1,50872.5,62,40050.4,6.9,99.6,80.3,19.4,BEL,,1546,,11338.9,17.8,2010
10.1,36.7,213.6,51204.9,61.9,41450.4,7.1,99.5,80.7,19.8,BEL,,1560,,11621,18.1,2011
10.1,36.3,207,51550.6,61.8,42585.2,6.9,98.7,80.5,19.5,BEL,,1560,,11551.8,17.4,2012
10.3,37.2,205,52221.6,61.8,43746,7.1,97.8,80.7,19.6,BEL,48.1,1558,18.9,11727.6,16.2,2013
10.6,36.7,199.4,52514.3,61.9,44720.5,6.9,95.8,81.4,20.1,BEL,51,1545,,11915.6,16.1,2014
10.4,37.8,197.5,52120.1,61.8,45739.2,6.9,96.3,81.1,19.9,BEL,,1545,,11917.4,15.8,2015
,37.6,193.9,51951.7,62.3,47366.4,6.9,93.3,81.5,20.1,BEL,,1545,,,15.9,2016
,36.5,,51736.1,63.1,49525.7,6.9,93.5,81.6,20.2,BEL,,1545,,,,2017
,,,,,,3.7,,,,BEN,,,,,,2008
,,,,,,,100,,,BEN,,,,,,2010
,,,,,,3.9,100,,,BEN,,,,,,2011
,,,,,,3.2,100,,,BEN,,,,,,2012
,,,,,,3.5,100,,,BEN,,,,,,2013
,,,,,,3.3,100,,,BEN,,,,,,2014
,,,,,,3.6,100,,,BEN,,,,,,2015
,,,,,,4,100,,,BEN,,,,,,2016
,,,,,,4.9,100,,,BEN,,,,,,2017
,,,,,,4,,,,BFA,,,,,,2007
,,,,,,3.8,,,,BFA,,,,,,2008
,,,,,,4,100,,,BFA,,,,,,2010
,,,,,,4.8,100,,,BFA,,,,,,2011
,,,,,,4,100,,,BFA,,,,,,2012
,,,,,,3.3,100,,,BFA,,,,,,2013
,,,,,,3.5,100,,,BFA,,,,,,2014
,,,,,,4.4,100,,,BFA,,,,,,2015
,,,,,,4.2,100,,,BFA,,,,,,2016
,,,,,,4.6,100,,,BFA,,,,,,2017
,,,,,,4.6,,,,BGD,,,,,,2007
,,,,,,5.1,,,,BGD,,,,,,2008
,,,,,,5.1,,,,BGD,,,,,,2009
,,,,,,4.9,100,,,BGD,,,,,,2010
,,,,,,5,100,,,BGD,,,,,,2011
,,,,,,4.7,100,,,BGD,,,,,,2012
,,,,,,4.7,100,,,BGD,,,,,,2013
,,,,,,4.6,100,,,BGD,,,,,,2014
,,,,,,4.6,100,,,BGD,,,,,,2015
,,,,,,4.6,100,,,BGD,,,,,,2016
,,,,,,4.3,100,,,BGD,,,,,,2017
,,,,,12609.7,3.8,,,,BGR,,,,,,2007
,,,,,14083,,,,,BGR,,,,,,2008
,,,,,13883.8,,,,,BGR,,,,,,2009
,,,,,14659.1,3.9,99.9,,,BGR,,,,,,2010
,,,,,15676.1,3.9,99.9,,,BGR,,,,,,2011
,,,,,16208.3,4.2,99.9,,,BGR,,,,,,2012
,,,,,16570.9,4,99.9,,,BGR,,,,,,2013
,,,,,17534.3,4.4,99.9,,,BGR,,,,,,2014
,,,,,18186.5,4.9,99.9,,,BGR,,,,,,2015
,,,,,19500.4,4.8,99.8,,,BGR,,,,,,2016
,,,,,20948.2,5.1,99.8,,,BGR,,,,,,2017
,,,,,,5.7,,,,BHR,,,,,,2009
,,,,,,5.9,100,,,BHR,,,,,,2010
,,,,,,4.8,100,,,BHR,,,,,,2011
,,,,,,5,100,,,BHR,,,,,,2012
,,,,,,6.7,100,,,BHR,,,,,,2013
,,,,,,6.2,100,,,BHR,,,,,,2014
,,,,,,6,100,,,BHR,,,,,,2015
,,,,,,6.2,100,,,BHR,,,,,,2016
,,,,,,6.2,100,,,BHR,,,,,,2017
,,,,,,4.9,,,,BIH,,,,,,2007
,,,,,,5,,,,BIH,,,,,,2009
,,,,,,4.7,100,,,BIH,,,,,,2010
,,,,,,5,100,,,BIH,,,,,,2011
,,,,,,4.8,100,,,BIH,,,,,,2012
,,,,,,5.1,100,,,BIH,,,,,,2013
,,,,,,5.2,100,,,BIH,,,,,,2014
,,,,,,5.1,100,,,BIH,,,,,,2015
,,,,,,5.2,100,,,BIH,,,,,,2016
,,,,,,5.1,100,,,BIH,,,,,,2017
,,,,,,5.6,,,,BLR,,,,,,2007
,,,,,,5.5,,,,BLR,,,,,,2008
,,,,,,5.6,,,,BLR,,,,,,2009
,,,,,,5.5,100,,,BLR,,,,,,2010
,,,,,,5.2,100,,,BLR,,,,,,2011
,,,,,,5.7,100,,,BLR,,,,,,2012
,,,,,,5.9,100,,,BLR,,,,,,2013
,,,,,,5.8,100,,,BLR,,,,,,2014
,,,,,,5.7,100,,,BLR,,,,,,2015
,,,,,,5.2,100,,,BLR,,,,,,2016
,,,,,,5.6,99.9,,,BLR,,,,,,2017
,,,,,,6.5,,,,BLZ,,,,,,2007
,,,,,,6,,,,BLZ,,,,,,2014
,,,,,,5.6,,,,BOL,,,,,,2007
,,,,,,5.3,,,,BOL,,,,,,2008
,,,,,,6.1,,,,BOL,,,,,,2009
,,,,,,5.8,100,,,BOL,,,,,,2010
,,,,,,5.8,100,,,BOL,,,,,,2011
,,,,,,6,100,,,BOL,,,,,,2012
,,,,,,5.8,100,,,BOL,,,,,,2013
,,,,,,5.9,100,,,BOL,,,,,,2014
,,,,,,5.8,100,,,BOL,,,,,,2015
,,,,,,5.8,100,,,BOL,,,,,,2016
,,,,,,5.7,100,,,BOL,,,,,,2017
7.1,27.2,161.1,,,12632.6,6.3,,72.8,17.5,BRA,,,15.6,,5.4,2007
7.1,28,161.4,,,13396.4,6.7,,73.2,17.6,BRA,,,14.8,,5.5,2008
7.2,29.8,160.7,,,13343.5,7,,73.5,17.7,BRA,,,14.3,,5.5,2009
7.4,,162.3,,,14382.8,6.8,91.4,73.9,17.8,BRA,,,14.1,,5.4,2010
7.4,31.7,161.4,,,15131.7,7,92.3,74.2,17.5,BRA,,,13.4,,5.6,2011
7.3,32,162,,,15572.8,6.7,87.5,74.5,17.9,BRA,,,12.1,,5.8,2012
7.1,32.7,161.2,,,16163,7.1,85.9,74.8,17.9,BRA,,,11.3,,5.8,2013
7.2,33,160.3,,,16396.2,7,77.9,75,18.1,BRA,,,8.7,,5.7,2014
7,34.1,161.2,,,15847.6,6.5,75.5,75.3,18.2,BRA,,,7.2,,6,2015
6.3,33.6,,,,15385.8,6.4,68.1,75.5,,BRA,,,10.2,,,2016
,34.1,,,,15651.4,6.3,68.3,75.7,,BRA,,,10.1,,,2017
,,,,,,,1.3,,,BRN,,,,,,2010
,,,,,,,1.3,,,BRN,,,,,,2011
,,,,,,,1.3,,,BRN,,,,,,2012
,,,,,,,0,,,BRN,,,,,,2013
,,,,,,,0,,,BRN,,,,,,2014
,,,,,,,0,,,BRN,,,,,,2015
,,,,,,,0,,,BRN,,,,,,2016
,,,,,,,0,,,BRN,,,,,,2017
,,,,,,,100,,,BTN,,,,,,2010
,,,,,,,100,,,BTN,,,,,,2011
,,,,,,,100,,,BTN,,,,,,2012
,,,,,,5.6,100,,,BTN,,,,,,2013
,,,,,,4.9,100,,,BTN,,,,,,2014
,,,,,,5.1,100,,,BTN,,,,,,2015
,,,,,,,100,,,BTN,,,,,,2016
,,,,,,,100,,,BTN,,,,,,2017
,,,,,,5.5,,,,BWA,,,,,,2008
,,,,,,3.6,100,,,BWA,,,,,,2010
,,,,,,3.5,100,,,BWA,,,,,,2011
,,,,,,4.8,100,,,BWA,,,,,,2012
,,,,,,4.1,100,,,BWA,,,,,,2013
,,,,,,4,100,,,BWA,,,,,,2014
,,,,,,3.8,100,,,BWA,,,,,,2015
,,,,,,3.5,100,,,BWA,,,,,,2016
,,,,,,3.5,100,,,BWA,,,,,,2017
,,,,,,4.2,,,,CAF,,,,,,2007
,,,,,,3.6,100,,,CAF,,,,,,2010
,,,,,,3.7,100,,,CAF,,,,,,2011
,,,,,,,100,,,CAF,,,,,,2012
,,,,,,,100,,,CAF,,,,,,2013
,,,,,,,100,,,CAF,,,,,,2014
,,,,,,,100,,,CAF,,,,,,2015
,,,,,,2.7,100,,,CAF,,,,,,2016
,,,,,,3.5,100,,,CAF,,,,,,2017
8.3,38.3,221.8,43968.6,73.5,39544.7,7.5,,80.4,19.45,CAN,49.1,1744,18.2,6608.4,10.6,2007
8.4,38.3,218.1,44810.3,73.5,40378,7.5,,80.6,19.6,CAN,54.75,1741,17.5,6569.5,10.7,2008
8.4,38.2,214.3,45309,71.4,38896,7.5,,80.8,19.75,CAN,50,1712,16.2,7081.9,11.1,2009
8.4,38,210.6,45502.6,71.5,40106.2,7.7,13.7,81.1,19.95,CAN,54.6,1715,16.3,7028.2,11.1,2010
8.2,37.6,208.5,46203.4,71.8,41662.5,7.4,18.3,81.3,20.1,CAN,50.5,1713,15.7,6943.9,10.8,2011
8.3,36.7,205.6,47275.5,72,42246.7,7.4,8.8,81.5,20.3,CAN,50.9,1722,16.1,7009.8,10.8,2012
8.2,36.6,203,48191.6,72.4,44211,7.6,7.1,81.7,20.45,CAN,56.2,1716,14.9,6993.5,11.1,2013
8,36.4,208.8,48717.5,72.3,45627.6,7.3,2.6,81.8,20.55,CAN,52.5,1710,14,7047.4,11.5,2014
8,35.2,196.8,48979.3,72.5,44671.4,7.4,0.9,81.9,20.6,CAN,58.25,1712,13.1,7456.2,11.8,2015
8.1,34.3,,47793.4,72.6,45109.5,7.2,0,82,20.7,CAN,53.1,1706,12.5,,,2016
8.1,34.4,,48247.1,73.4,46810.3,7.4,0,82,20.7,CAN,56.45,1695,12,,,2017
10.4,54.6,190.6,60304.4,78.6,49500.2,,,82,20.4,CHE,37.3,1668.9,20.4,7498.3,16.9,2007
10.2,53.2,185.7,60629.7,79.5,52362.6,,,82.2,20.6,CHE,,1659.5,,7425.6,16,2008
10.1,51.9,183.2,61856.1,79,51564.6,7.5,,82.3,20.6,CHE,,1650.8,,7918.6,13.4,2009
10,51.2,181.6,62002.9,77.3,52859.8,,94.2,82.6,20.75,CHE,,1624.3,,7968.9,11.9,2010
10,50.8,181.2,62107.9,78.3,56183.8,,95.4,82.8,20.9,CHE,,1619.3,,7974.7,12.1,2011
9.9,50.4,177.7,63207.3,78.5,57849.6,7.8,93.1,82.8,20.8,CHE,41,1603.2,20.4,8161.7,12,2012
9.8,49,175.9,64180.9,78.4,60108.5,,88.6,82.9,20.9,CHE,,1582.9,,8299.2,12.2,2013
9.5,48.8,172.9,64284.5,78.8,61902.2,7.5,80.2,83.3,21.15,CHE,,1575.3,,8433.5,11.4,2014
9.5,47.5,174.3,64222.8,79.2,63939,7.6,74.6,83,20.9,CHE,,1589.5,,8649.3,11.9,2015
9.3,46.2,171.8,64063.9,79.6,64323.9,7.5,54.1,83.7,21.45,CHE,,1589.7,,,11.2,2016
9.2,45.2,,63899.9,79.8,66395.8,7.5,54,83.6,21.4,CHE,41.8,1570,19.1,,,2017
7.4,,201.2,21967.2,56.3,16872.3,5.7,,77.5,17.5,CHL,,2128,,1461.6,11.8,2007
7.4,,198.4,22409.1,57.3,16447.3,5.8,,78.1,18.1,CHL,,2095,,1687.1,13.1,2008
7.2,39.4,206.5,24037.7,56.1,16119.9,6.5,,78.2,18.3,CHL,60,2074,29.8,1916.3,13.3,2009
7.6,,204.4,24960.8,59.3,18129.1,6.6,98.5,78,17.9,CHL,,2070,,1894.2,12.2,2010
7.1,39.9,202.2,25106.4,61.3,20302.8,6.5,98.5,78.7,18.4,CHL,,2047,,1900.2,12.3,2011
8.3,,201.8,25914.9,61.8,21446.5,6.6,98.5,78.7,18.25,CHL,,2024,,2003.3,11,2012
7.2,40.3,196.3,26583.8,62.3,22352.5,6.7,98.5,79.5,19.1,CHL,,2015,,2045.2,10.3,2013
7.9,,193.9,26803.5,62.2,22687.9,6.8,98,79.7,19.25,CHL,,1990,,2113.7,10.4,2014
7.9,42.4,193.2,26759.2,62.4,22593.3,6.5,97.7,79.9,19.45,CHL,48.3,1988,,2243.1,10.7,2015
7.9,,230.2,27655.3,62.2,22788.3,6.6,97.2,80.2,19.65,CHL,74.2,1974,24.5,2294.8,10.7,2016
,42.3,,26766.6,62.7,24180.8,6.3,97.3,,,CHL,,1954,,2282.7,,2017
3.9,,,,,6842.7,4.9,,74.6,,CHN,,,,,,2007
4.3,,,,,7609.3,4.8,,74.9,,CHN,,,,,,2008
4.9,,,,,8340.6,4.5,,75.1,,CHN,,,26.5,,,2009
5.8,14.8,,,,9290.3,4.7,99.9,75.3,,CHN,,,26.2,,,2010
5.7,,,,,10330.7,5,99.9,75.5,,CHN,,,,,,2011
5.7,,,,,11285.6,5.1,99.9,75.7,,CHN,,,25.5,,,2012
5.8,,,,,12290.3,5.2,99.9,75.8,,CHN,,,,,,2013
5.8,,,,,13349.5,5.2,99.9,76,,CHN,,,,,,2014
5.7,,,,,14350.4,5.3,99.9,76.2,,CHN,,,24.7,,,2015
5.7,,,,,15411.8,5.3,99.9,76.3,,CHN,,,,,,2016
,,,,,16633.1,5.1,99.9,76.5,,CHN,,,,,,2017
,,,,,,4.2,,,,CIV,,,,,,2009
,,,,,,,100,,,CIV,,,,,,2010
,,,,,,,100,,,CIV,,,,,,2011
,,,,,,,100,,,CIV,,,,,,2012
,,,,,,3.7,100,,,CIV,,,,,,2013
,,,,,,3.6,100,,,CIV,,,,,,2014
,,,,,,4.4,100,,,CIV,,,,,,2015
,,,,,,4.5,100,,,CIV,,,,,,2016
,,,,,,5,100,,,CIV,,,,,,2017
,,,,,,4.3,,,,CMR,,,,,,2007
,,,,,,4.3,,,,CMR,,,,,,2008
,,,,,,4.7,,,,CMR,,,,,,2009
,,,,,,4.6,99.6,,,CMR,,,,,,2010
,,,,,,4.4,99.6,,,CMR,,,,,,2011
,,,,,,4.2,99.6,,,CMR,,,,,,2012
,,,,,,4.3,99.6,,,CMR,,,,,,2013
,,,,,,4.2,99.6,,,CMR,,,,,,2014
,,,,,,5,99.6,,,CMR,,,,,,2015
,,,,,,4.8,99.6,,,CMR,,,,,,2016
,,,,,,5.1,99.6,,,CMR,,,,,,2017
,,,,,,4,,,,COD,,,,,,2009
,,,,,,,100,,,COD,,,,,,2010
,,,,,,4.5,100,,,COD,,,,,,2011
,,,,,,4.6,100,,,COD,,,,,,2012
,,,,,,4.5,100,,,COD,,,,,,2013
,,,,,,4.4,100,,,COD,,,,,,2014
,,,,,,3.9,100,,,COD,,,,,,2015
,,,,,,4.5,100,,,COD,,,,,,2016
,,,,,,4.3,100,,,COD,,,,,,2017
,,,,,,3.8,,,,COG,,,,,,2008
,,,,,,,99.9,,,COG,,,,,,2010
,,,,,,4.5,99.9,,,COG,,,,,,2011
,,,,,,3.9,99.9,,,COG,,,,,,2012
,,,,,,4,99.9,,,COG,,,,,,2013
,,,,,,4.1,99.9,,,COG,,,,,,2014
,,,,,,4.7,99.9,,,COG,,,,,,2015
,,,,,,4.1,99.9,,,COG,,,,,,2016
,,,,,,4.9,99.9,,,COG,,,,,,2017
4.6,,167.8,,60.2,9729,6.1,,72.8,,COL,,,,,5.4,2007
4.4,,163.2,,60.5,10139.6,6.2,,73,,COL,,,17.1,,5.5,2008
4.3,,159.7,,62.3,10301.2,6.3,,73.2,,COL,,,,,5.4,2009
4.2,,157.6,,63.7,10741.5,6.4,99.5,73.4,,COL,,,,,4.9,2010
4.3,,148.1,,65.1,11553.7,6.5,99.5,73.5,,COL,,,,,4.7,2011
4.4,,150.4,,66.3,12165.9,6.4,99.5,73.7,,COL,,,,,4.8,2012
4.3,,151.9,,66.5,12841.3,6.6,99.1,73.9,,COL,,,13,,4.7,2013
4.3,29.6,155.1,,67.1,13535.7,6.4,97.3,74.1,,COL,,,,,4.8,2014
4.4,28.8,154.8,,67.6,13928,6.4,96.3,74.2,,COL,,,,,5.2,2015
4.5,30.2,,,67.2,14276.1,6.2,93.7,74.4,,COL,,,,,,2016
,31.3,,,66.9,14607,6.2,93.2,74.6,,COL,,,,,,2017
,,,,,,3.5,,,,COM,,,,,,2009
,,,,,,3.8,,,,COM,,,,,,2010
,,,,,,3.8,,,,COM,,,,,,2011
,,,,,,4,,,,COM,,,,,,2012
4.3,15.3,154.3,,,11792,7.4,,78.4,6.6,CRI,,2387,9.6,,6.4,2007
4.3,15.7,150.7,,,12404.8,6.9,,78.5,6.5,CRI,,2392,9.2,,6.3,2008
4.2,15.5,150.6,,,12191.2,7.6,,78.7,,CRI,,2348,8.7,,6.6,2009
3.7,15.9,170,,,12733.1,7.3,99.8,78.8,6.7,CRI,,2243.1,8.2,,7.1,2010
3.5,15.8,161.7,,,13428.9,7.2,99.8,79.1,7.2,CRI,,2285.3,7.7,,7.1,2011
3.4,15.9,158.7,,,14144.6,7.3,99.8,79.4,7.3,CRI,,2233.4,7.2,,6.7,2012
3.5,17,157.2,,,14512.5,7.2,99.8,79.6,,CRI,,2140.6,6.7,,7,2013
3.6,17,156,,,15098.9,7.2,99.7,79.8,,CRI,,2121.7,6.2,,5.8,2014
3.6,16.2,,,,15623.8,6.9,99.7,79.9,,CRI,,2148.2,5.8,,,2015
3.7,16.9,,,,16332.4,7.1,99.6,80.1,,CRI,,2204.7,5.2,,,2016
3.3,16.5,,,,17088.8,7.2,99.6,80.2,,CRI,,2178.9,4.7,,,2017
,,,,,,,99.7,,,CUB,,,,,,2010
,,,,,,,99.7,,,CUB,,,,,,2011
,,,,,,,99.7,,,CUB,,,,,,2012
,,,,,,,99.7,,,CUB,,,,,,2013
,,,,,,,99.7,,,CUB,,,,,,2014
,,,,,,,99.7,,,CUB,,,,,,2015
,,,,,,,99.7,,,CUB,,,,,,2016
,,,,,,,99.7,,,CUB,,,,,,2017
,,,,,32850,,,,,CYP,,,,,,2007
,,,,,34824,,,,,CYP,,,,,,2008
,,,,,33888.3,6.8,,,,CYP,,,,,,2009
,,,,,33230.6,6.4,99.6,,,CYP,,,,,,2010
,,,,,33192.4,6.7,99.6,,,CYP,,,,,,2011
,,,,,31914.7,6.2,99.6,,,CYP,,,,,,2012
,,,,,30620.7,5.4,99.6,,,CYP,,,,,,2013
,,,,,30390.5,5.6,99.6,,,CYP,,,,,,2014
,,,,,31578.3,5.4,99.6,,,CYP,,,,,,2015
,,,,,33682.4,5.8,99.6,,,CYP,,,,,,2016
,,,,,36155.7,6.1,99.6,,,CYP,,,,,,2017
12.1,76.8,261.1,22412.3,66.1,26064.5,6.5,,77,16.8,CZE,,1784,24,4924.9,12.7,2007
12.1,76.4,256.7,22423,66.5,27724.4,,,77.3,17.05,CZE,55.55,1790,21.8,5085.3,12.6,2008
12.1,75.9,253.1,22371.7,65.4,27474.2,,,77.4,17,CZE,,1779,23.8,5438.8,13.2,2009
11.4,75.2,250.3,22944.5,65,27554.7,6.2,100,77.7,17.25,CZE,55,1800,22.8,5439.7,13.5,2010
11.5,74.1,239.8,23102,65.7,28795.8,6.3,100,78,17.4,CZE,,1806,21.7,5557.2,14.3,2011
11.6,73.2,236.6,23089.7,66.5,29051.4,6.3,100,78.2,17.45,CZE,,1776,22.9,5564.9,14.7,2012
11.5,72.4,229.8,22846.1,67.7,30496,6.7,100,78.3,17.5,CZE,,1763,22.2,5796.2,14.2,2013
11.9,71.7,225.8,23324.3,69,32265,6.5,100,78.9,17.95,CZE,55.4,1777,22.3,5751.1,13.3,2014
11.5,71,220.5,23962.8,70.2,33701.4,6.6,99.9,78.7,17.65,CZE,,1756,18.2,5799.7,12.3,2015
11.7,70.5,219.8,24778.2,72,35234,6.7,99.9,79.1,18.1,CZE,,1779,19.6,,11.7,2016
11.6,69.9,215.6,25804.1,73.6,38037.2,6.8,99.9,79.1,18,CZE,,1784,18.4,,12.4,2017
11.9,60.1,209.9,43802.1,69,37024.4,6.4,,80.1,19.05,DEU,,1424.4,,9602.2,10.2,2007
11.8,59.9,210.5,44079.1,70.1,38662.6,6.5,,80.2,19.1,DEU,,1418.4,,9785.9,10.3,2008
11.6,59.1,207,44253.6,70.3,37695.7,6.6,,80.3,19.2,DEU,51.4,1372.7,21.9,10203.1,10.3,2009
11.4,59.2,206,44451.2,71.2,39916.1,6.7,99.7,80.5,,DEU,,1389.9,,10347,10.8,2010
11.9,58.7,205,45209.4,72.7,42692.5,6.6,99.6,80.5,19.4,DEU,,1392.8,,10215.3,10.8,2011
11.8,58.2,201.6,45725.2,73,43564.1,6.7,98.6,80.6,19.4,DEU,60,1375,,10192.6,10.5,2012
11.7,57.8,204.8,46277.2,73.5,45232,7,98.1,80.6,19.35,DEU,52.4,1362.7,20.9,10280.4,10.8,2013
11.6,59.8,200.9,47010,73.8,47190.5,7,96.4,81.2,19.8,DEU,50.7,1366.9,,10442.2,10.8,2014
12,59.2,199.6,48034.6,74,47979.2,7,96.5,80.7,19.45,DEU,,1369.8,,10598.7,10.6,2015
10.9,58.2,200.3,48709.6,74.7,49921.1,6.9,90.3,81.1,19.7,DEU,,1362.8,,,10.2,2016
,57.9,,49161.1,75.2,52574.3,7.1,90.3,81.1,19.65,DEU,52.7,1360.4,18.8,,,2017
,,,,,,5,,,,DJI,,,,,,2008
,,,,,,4.9,,,,DJI,,,,,,2009
,,,,,,5,,,,DJI,,,,,,2010
,,,,,,4.4,,,,DJI,,,,,,2011
12.1,43.4,259.5,49771.8,77,38978.8,7.8,,78.4,17.85,DNK,,1433,24,11336.2,10.3,2007
10.9,42.4,256.7,50445.5,77.8,41283,8,,78.8,18.05,DNK,,1430,23,11384.9,10.7,2008
10.1,42.3,248.9,51668.6,75.4,40340.4,7.7,,79,18.15,DNK,,1417,19,11989.8,10.8,2009
10.3,42.4,252.5,52263.9,73.3,43004.9,7.8,95.6,79.3,18.35,DNK,46.7,1422,20.9,12308.1,9.8,2010
10.5,43.2,246.6,51993.3,73.2,44408,7.8,98.6,79.9,18.7,DNK,,1437,,12439.1,10.2,2011
9.3,43.1,246.1,51923.1,72.6,44808.5,7.5,85.1,80.1,18.85,DNK,,1423,,12469.8,11.3,2012
9.4,42.8,238.3,52260.7,72.5,46742.9,7.6,79.5,80.4,19.05,DNK,47.4,1426,17,12549.3,10.3,2013
9.5,43.8,233.4,53260.7,72.8,47905.5,7.5,83.2,80.8,19.45,DNK,,1414,,12705.6,10.6,2014
9.3,43.3,230.4,54196.9,73.5,49071.3,7.5,76.7,80.8,19.35,DNK,,1407,,12895.2,9.4,2015
9.4,42.6,,55032.3,74.8,50685.4,7.6,62.8,80.9,19.5,DNK,,1412,,,,2016
9.1,42.1,,54722.5,74.2,54337.4,7.6,62.7,81.2,19.5,DNK,51,1405,16.9,,,2017
,,,,,,5.1,,,,DOM,,,,,,2007
,,,,,,4.8,,,,DOM,,,,,,2008
,,,,,,5.4,,,,DOM,,,,,,2009
,,,,,,4.7,99.8,,,DOM,,,,,,2010
,,,,,,5.4,99.8,,,DOM,,,,,,2011
,,,,,,4.8,99.8,,,DOM,,,,,,2012
,,,,,,5,99.8,,,DOM,,,,,,2013
,,,,,,5.4,99.8,,,DOM,,,,,,2014
,,,,,,5.1,99.8,,,DOM,,,,,,2015
,,,,,,5.2,99.7,,,DOM,,,,,,2016
,,,,,,5.6,99.7,,,DOM,,,,,,2017
,,,,,,5.5,99.8,,,DZA,,,,,,2010
,,,,,,5.3,99.8,,,DZA,,,,,,2011
,,,,,,5.6,99.8,,,DZA,,,,,,2012
,,,,,,,99.8,,,DZA,,,,,,2013
,,,,,,6.4,99.8,,,DZA,,,,,,2014
,,,,,,,99.8,,,DZA,,,,,,2015
,,,,,,5.3,99.8,,,DZA,,,,,,2016
,,,,,,5.2,99.8,,,DZA,,,,,,2017
,,,,65.4,34511.4,,,,,EA1,,,,,,2007
,,,,65.8,35844.7,,,,,EA1,,,,,,2008
,,,,64.3,34946.9,,,,,EA1,,,,,,2009
,,,,64,35906.1,,,,,EA1,,,,,,2010
,,,,64.2,37384.1,,,,,EA1,,,,,,2011
,,,,63.7,37737.4,,,,,EA1,,,,,,2012
,,,,63.5,38956.1,,,,,EA1,,,,,,2013
,,,,63.8,39977.6,,,,,EA1,,,,,,2014
,,,,64.5,41073.4,,,,,EA1,,,,,,2015
,,,,65.4,42723.9,,,,,EA1,,,,,,2016
,,,,66.3,45052.6,,,,,EA1,,,,,,2017
,,,,,,5,,,,ECU,,,,,,2007
,,,,,,5.3,,,,ECU,,,,,,2008
,,,,,,6,,,,ECU,,,,,,2009
,,,,,,5.8,100,,,ECU,,,,,,2010
,,,,,,5.8,100,,,ECU,,,,,,2011
,,,,,,6,100,,,ECU,,,,,,2012
,,,,,,6,99.9,,,ECU,,,,,,2013
,,,,,,5.9,99.8,,,ECU,,,,,,2014
,,,,,,6,99.6,,,ECU,,,,,,2015
,,,,,,6.1,99.2,,,ECU,,,,,,2016
,,,,,,5.8,98.9,,,ECU,,,,,,2017
,,,,,,5.5,,,,EGY,,,,,,2007
,,,,,,4.6,,,,EGY,,,,,,2008
,,,,,,5.1,,,,EGY,,,,,,2009
,,,,,,4.7,99.9,,,EGY,,,,,,2010
,,,,,,4.2,99.9,,,EGY,,,,,,2011
,,,,,,4.2,99.9,,,EGY,,,,,,2012
,,,,,,3.6,99.9,,,EGY,,,,,,2013
,,,,,,4.9,99.9,,,EGY,,,,,,2014
,,,,,,4.8,99.9,,,EGY,,,,,,2015
,,,,,,4.6,99.9,,,EGY,,,,,,2016
,,,,,,3.9,99.9,,,EGY,,,,,,2017
,,,,,,,99.5,,,ERI,,,,,,2010
,,,,,,,99.5,,,ERI,,,,,,2011
,,,,,,,99.5,,,ERI,,,,,,2012
,,,,,,,99.5,,,ERI,,,,,,2013
,,,,,,,99.5,,,ERI,,,,,,2014
,,,,,,,99.5,,,ERI,,,,,,2015
,,,,,,,99.5,,,ERI,,,,,,2016
,,,,,,,99.5,,,ERI,,,,,,2017
11.1,21.4,202.8,37589.7,65.8,32431.6,7,,81.2,19.8,ESP,,1703.5,,7016.7,6.7,2007
10.2,21.6,199.9,39102.3,64.5,33242.2,7.3,,81.5,20.1,ESP,,1712.6,,7447.3,7,2008
10,21.6,197.8,41750.9,60,32095.8,6.2,,81.9,20.4,ESP,52.8,1719.7,26.2,8146.8,6.9,2009
9.8,21.9,197.5,41034.3,58.9,31690,6.2,74.3,82.4,20.75,ESP,,1710.4,,7902.2,6.3,2010
9,22.1,197.7,40452.8,58,31872.4,6.5,80.2,82.6,20.9,ESP,52.7,1715.5,23.9,8006.2,6.3,2011
8.8,22,194.1,39301.6,55.8,31724.6,6.3,70.6,82.5,20.75,ESP,,1701.2,,7750.5,6.9,2012
8.8,21.7,190.8,39391.3,54.8,32452.7,6.2,65.3,83.2,21.3,ESP,,1693.5,,7712.2,7.5,2013
8.7,21.9,185.8,39397.8,56,33544.4,6.5,53.1,83.3,21.4,ESP,51.5,1694.6,23,7741.4,7.6,2014
8.3,22.4,184.2,40087.6,57.8,34938.6,6.4,60.5,82.9,21,ESP,,1699.6,,7832.1,6.9,2015
8.6,22.6,184.7,39860.3,59.5,36581.5,6.3,46,83.4,21.5,ESP,,1701.5,,,6.8,2016
,22.7,,39073.3,61.1,38939.2,6.2,46.4,83.4,21.35,ESP,53,1690.2,22.1,,,2017
14.8,55.7,238.4,21771.9,69.7,21928,5.3,,73.2,15.85,EST,,1929,,3265.5,18.2,2007
14.2,54.1,237.5,22052.8,70.1,22641.8,5.5,,74.2,16.3,EST,49.6,1900,26.2,3784.1,17.3,2008
11.9,52.6,234.7,21304.5,63.8,20484.2,5.1,,75.2,16.7,EST,,1769,,4116.8,19.3,2009
11.4,53.7,233.4,21192.4,61.2,21552.2,,6.2,75.9,16.9,EST,48.6,1810,26.2,3948.4,15.9,2010
12,52.1,235.5,20320.6,65.3,24501.3,5.5,6,76.4,17.45,EST,,1852,,3796.7,15.3,2011
12.1,52.3,233.3,21161.9,67.2,25973.3,5.4,1.8,76.5,17.55,EST,48.9,1820,26,3862.9,16.6,2012
11.9,53.2,231,21459.6,68.5,27449.9,5.4,0.7,77.3,17.75,EST,,1801,,3938,15.3,2013
11.1,50.6,237,22570.8,69.6,28936.5,5.6,0.7,77.2,17.8,EST,51.65,1795,22.1,4230.2,17.5,2014
10.6,50.5,234.9,23436.4,71.9,29259.8,5.6,0,77.7,18.1,EST,,1788,,4639.2,14.1,2015
10.2,50.1,226.6,24691.3,72.1,30895,5.6,0,77.8,18.25,EST,51.7,1791,21.3,,13,2016
10.3,49,,25368.1,74.1,33493.2,5.9,0,78.2,18.2,EST,,1792,,,,2017
,,,,,,,100,,,ETH,,,,,,2010
,,,,,,,100,,,ETH,,,,,,2011
,,,,,,4.6,100,,,ETH,,,,,,2012
,,,,,,4.4,100,,,ETH,,,,,,2013
,,,,,,4.5,100,,,ETH,,,,,,2014
,,,,,,4.6,100,,,ETH,,,,,,2015
,,,,,,4.3,100,,,ETH,,,,,,2016
,,,,,,4.2,100,,,ETH,,,,,,2017
,,,,65.2,31604.1,,,,,EU2,,,,,,2007
,,,,65.7,33034.4,,,,,EU2,,,,,,2008
,,,,64.4,32224.4,,,,,EU2,,,,,,2009
,,,,64.1,33271.1,,90.2,,,EU2,,,,,,2010
,,,,64.2,34678.1,,91.3,,,EU2,,,,,,2011
,,,,64.1,35224,,88.3,,,EU2,,,,,,2012
,,,,64,36459.1,,87.1,,,EU2,,,,,,2013
,,,,64.8,37526.7,,82.9,,,EU2,,,,,,2014
,,,,65.6,38667.6,,83.7,,,EU2,,,,,,2015
,,,,66.6,40153.6,,78.5,,,EU2,,,,,,2016
,,,,67.7,42458.2,,78.5,,,EU2,,,,,,2017
10.5,44.2,182.4,42110.7,70.3,37703.3,,,79.6,19.1,FIN,48.9,1614,20.6,9428.4,18.2,2007
10.3,44.5,180.4,42518.6,71,39969.4,7.7,,79.9,19.4,FIN,48.8,1608,20.4,9645.8,19,2008
10,44.7,176.9,42861.7,68.7,37829.8,,,80.1,19.4,FIN,49.3,1585,18.6,10162.5,18.9,2009
9.7,44.8,182.5,43535.2,68.2,38737.1,7.4,1.3,80.2,19.5,FIN,49.7,1592,19,10601.6,17.3,2010
9.8,44.4,178.4,43684.9,69,40683.3,7.4,1.3,80.6,19.7,FIN,57.9,1587,17.8,10722.8,16.4,2011
9.3,45.1,176.5,43715.2,69.4,40619.9,7.4,0,80.7,19.7,FIN,53.7,1575,17,11009.1,15.6,2012
9.1,45.3,175.8,43245.3,68.9,41293.3,7.4,0,81.1,19.9,FIN,49.9,1565,15.8,11288.1,15.8,2013
8.8,44.7,172.3,43229.1,68.7,41462.7,7.4,0,81.3,19.95,FIN,52.1,1562,15.4,11460.6,14.1,2014
8.5,44.4,172.8,43617.3,68.5,42213.5,7.4,0,81.6,20.1,FIN,56,1563,17.4,11514.6,13.1,2015
8.4,44.3,173.1,43968.9,69.1,43730,7.7,0,81.5,20.05,FIN,56,1560,15,,13.9,2016
8.4,43.8,,43801.9,70,46349.1,7.8,0,81.7,20.25,FIN,62.3,1556,13,,,2017
,,,,,,,77.5,,,FJI,,,,,,2010
,,,,,,,77.5,,,FJI,,,,,,2011
,,,,,,,77.5,,,FJI,,,,,,2012
,,,,,,,77.4,,,FJI,,,,,,2013
,,,,,,,77.4,,,FJI,,,,,,2014
,,,,,,,77.2,,,FJI,,,,,,2015
,,,,,,,71,,,FJI,,,,,,2016
,,,,,,,63.1,,,FJI,,,,,,2017
12.9,41.8,215.3,40386.8,64.3,34095.4,,,81.2,20.7,FRA,,1537,,10355.6,15.8,2007
12.5,42.4,213.6,40308.4,64.9,35102.9,7,,81.4,20.75,FRA,39.2,1543,26.2,10414.8,16.1,2008
12.6,41.7,212,41589.7,64.1,34693.2,6.3,,81.5,20.95,FRA,,1531,,11012.1,16.2,2009
12.3,41.8,207.7,42435.4,64,35909.2,6.8,99.3,81.8,21.15,FRA,42.9,1540,23.3,11180,15.9,2010
12.4,41.8,203.5,42370.3,63.9,37447.9,7,99.4,82.3,21.55,FRA,,1546,,11276.2,15.8,2011
12.2,41.7,201.2,42654.4,64,37684.2,6.6,98.5,82.1,21.25,FRA,44.4,1541,24.1,11438.9,14.6,2012
11.6,42.7,196.3,43012.5,64,39528.5,6.7,97.5,82.3,21.45,FRA,,1526,,11634.9,14.3,2013
12,43.8,196.8,43308.8,63.6,40144.1,6.5,88.8,82.8,21.85,FRA,46.1,1518,22.4,11808.9,13.1,2014
11.9,43.4,197.7,43731.7,63.8,40840.8,6.4,91,82.4,21.45,FRA,49,1519,,11796.1,13.1,2015
11.7,43.5,,44220.3,64.2,42067.3,6.5,79.8,82.6,21.65,FRA,,1526,,,,2016
11.7,43.2,,44469,64.7,44125.4,6.6,79.8,82.6,21.6,FRA,,1522,,,,2017
,,,,69.6,,,,,,G-7,,,,,,2007
,,,,69.5,,,,,,G-7,,,,,,2008
,,,,67.6,,,,,,G-7,,,,,,2009
,,,,67.2,,,,,,G-7,,,,,,2010
,,,,67.5,,,,,,G-7,,,,,,2011
,,,,67.7,,,,,,G-7,,,,,,2012
,,,,68,,,,,,G-7,,,,,,2013
,,,,68.6,,,,,,G-7,,,,,,2014
,,,,69.1,,,,,,G-7,,,,,,2015
,,,,69.9,,,,,,G-7,,,,,,2016
,,,,70.6,,,,,,G-7,,,,,,2017
,36.8,,,,,,91.9,,,G20,,,,,,2010
,36.8,,,,,,92.8,,,G20,,,,,,2011
,,,,,,,90.6,,,G20,,,,,,2012
,,,,,,,89.5,,,G20,,,,,,2013
,,,,,,,87.8,,,G20,,,,,,2014
,,,,,,,87.6,,,G20,,,,,,2015
,,,,,,,85.9,,,G20,,,,,,2016
,,,,,,,85.9,,,G20,,,,,,2017
,,,,,,,67.9,,,G7M,,,,,,2010
,,,,,,,71.8,,,G7M,,,,,,2011
,,,,,,,62.9,,,G7M,,,,,,2012
,,,,,,,59.4,,,G7M,,,,,,2013
,,,,,,,53,,,G7M,,,,,,2014
,,,,,,,52.1,,,G7M,,,,,,2015
,,,,,,,46.1,,,G7M,,,,,,2016
,,,,,,,46.2,,,G7M,,,,,,2017
,,,,,,,99.4,,,GAB,,,,,,2010
,,,,,,4.3,99.4,,,GAB,,,,,,2011
,,,,,,4,99.4,,,GAB,,,,,,2012
,,,,,,3.8,99.4,,,GAB,,,,,,2013
,,,,,,3.9,99.4,,,GAB,,,,,,2014
,,,,,,4.7,99.4,,,GAB,,,,,,2015
,,,,,,4.8,99.4,,,GAB,,,,,,2016
,,,,,,4.8,99.4,,,GAB,,,,,,2017
11.1,36.7,234.8,45881.9,71.5,35409.5,6.8,,79.7,18.85,GBR,60.8,1541,21,7090.1,6.3,2007
10.8,36.4,232.9,44679.5,71.5,36416.5,7,,79.8,18.9,GBR,61.4,1521,21,7412.1,6.9,2008
10.1,36.8,228.5,45455.2,69.9,34777.9,6.9,,80.4,19.35,GBR,61.3,1516,21,7915.9,6.8,2009
10.1,36.9,226.3,45526.6,69.4,36016.3,7,86.9,80.6,19.5,GBR,62.8,1506,20,8045.4,6.7,2010
9.9,37.4,225.2,44375.7,69.3,36805.1,6.9,89.4,81,19.8,GBR,61.7,1518,20,8003.3,6.9,2011
9.6,37.1,225.8,44006.8,70,37908.5,6.9,83.8,81,19.7,GBR,61.9,1531,20,8106,6.9,2012
9.4,37.3,221.9,44141.4,70.5,39519.1,6.9,81.5,81.1,19.75,GBR,62.1,1541,19,8320.3,7.5,2013
9.4,36.9,219.7,43782.3,71.9,40877.7,6.8,71,81.4,20.05,GBR,61.7,1547,19,8269.3,7.4,2014
9.5,35.4,217.7,44125.7,72.7,42055.1,6.5,70.8,81,19.7,GBR,62.9,1531,17.8,8292.3,7.5,2015
9.5,35,216.4,44465.8,73.5,42942.9,6.8,65.6,81.2,19.95,GBR,61.4,1545,16.1,,7.3,2016
9.7,35.4,,44589.8,74.1,44909.1,7.1,65,81.3,19.95,GBR,64.3,1543,17.2,,,2017
,,,,,,3.7,,,,GEO,,,,,,2007
,,,,,,4.2,,,,GEO,,,,,,2008
,,,,,,3.8,,,,GEO,,,,,,2009
,,,,,,4.1,99.8,,,GEO,,,,,,2010
,,,,,,4.2,99.8,,,GEO,,,,,,2011
,,,,,,4.3,99.8,,,GEO,,,,,,2012
,,,,,,4.3,99.8,,,GEO,,,,,,2013
,,,,,,4.3,99.8,,,GEO,,,,,,2014
,,,,,,4.1,99.8,,,GEO,,,,,,2015
,,,,,,4.4,99.8,,,GEO,,,,,,2016
,,,,,,4.5,99.8,,,GEO,,,,,,2017
,,,,,,5.2,,,,GHA,,,,,,2007
,,,,,,5,,,,GHA,,,,,,2008
,,,,,,4.2,,,,GHA,,,,,,2009
,,,,,,4.6,99.7,,,GHA,,,,,,2010
,,,,,,5.6,99.7,,,GHA,,,,,,2011
,,,,,,5.1,99.7,,,GHA,,,,,,2012
,,,,,,5,99.7,,,GHA,,,,,,2013
,,,,,,3.9,99.7,,,GHA,,,,,,2014
,,,,,,4,99.7,,,GHA,,,,,,2015
,,,,,,4.5,99.7,,,GHA,,,,,,2016
,,,,,,5.5,99.7,,,GHA,,,,,,2017
,,,,,,,99.8,,,GIN,,,,,,2010
,,,,,,4,99.8,,,GIN,,,,,,2011
,,,,,,3.7,99.8,,,GIN,,,,,,2012
,,,,,,3.9,99.8,,,GIN,,,,,,2013
,,,,,,3.4,99.8,,,GIN,,,,,,2014
,,,,,,3.5,99.8,,,GIN,,,,,,2015
,,,,,,3.6,99.8,,,GIN,,,,,,2016
,,,,,,4.9,99.8,,,GIN,,,,,,2017
,,,,,,,100,,,GMB,,,,,,2010
,,,,,,,100,,,GMB,,,,,,2011
,,,,,,,100,,,GMB,,,,,,2012
,,,,,,,100,,,GMB,,,,,,2013
,,,,,,,100,,,GMB,,,,,,2014
,,,,,,,100,,,GMB,,,,,,2015
,,,,,,,100,,,GMB,,,,,,2016
,,,,,,4.1,100,,,GMB,,,,,,2017
,,,,,,,99.3,,,GNB,,,,,,2010
,,,,,,,99.3,,,GNB,,,,,,2011
,,,,,,,99.3,,,GNB,,,,,,2012
,,,,,,,99.3,,,GNB,,,,,,2013
,,,,,,,99.3,,,GNB,,,,,,2014
,,,,,,,99.3,,,GNB,,,,,,2015
,,,,,,,99.3,,,GNB,,,,,,2016
,,,,,,,99.3,,,GNB,,,,,,2017
,,,,,,,99.1,,,GNQ,,,,,,2010
,,,,,,,99.1,,,GNQ,,,,,,2011
,,,,,,,99.1,,,GNQ,,,,,,2012
,,,,,,,99.1,,,GNQ,,,,,,2013
,,,,,,,99.1,,,GNQ,,,,,,2014
,,,,,,,99.1,,,GNQ,,,,,,2015
,,,,,,,99.1,,,GNQ,,,,,,2016
,,,,,,,99.1,,,GNQ,,,,,,2017
9.7,37.2,209.6,32739.7,60.9,29291.9,6.6,,79.7,18.8,GRC,,2019,,6423,2.8,2007
9.5,37.8,208.8,32246.4,61.4,30855.9,,,80.3,19.2,GRC,58.3,2015,39.7,6652.6,3.1,2008
9.1,37.8,203.3,33761.8,60.9,30365.4,6,,80.4,19.45,GRC,55.8,1991,31.9,7155.4,3.2,2009
9,38,196.5,31510.1,59.1,28148.3,5.8,99.6,80.7,19.6,GRC,,1932,,7001.9,3.1,2010
8,38.4,193.4,29445.3,55.1,26141.1,5.4,99.6,80.8,19.7,GRC,,1949,,6675.9,3.9,2011
7.6,39.1,198.2,28108,50.8,25284.4,5.1,99.6,80.7,19.5,GRC,,1966,,6423.2,4.2,2012
7.5,39.8,200.4,26289.8,48.8,26097.8,4.7,99.6,81.4,20.15,GRC,,1970,,5843.6,4.5,2013
7,40.2,199,26803.2,49.4,26838.6,4.8,99.6,81.5,20.25,GRC,56.2,1933,27.3,5945.9,4.7,2014
6.6,41.2,199.5,26585.1,50.8,26902.3,5.6,99.6,81.1,19.9,GRC,,1943,,6027.6,4.4,2015
6.5,41.4,199.2,26506.1,52,27273.9,5.3,99.6,81.5,20.3,GRC,,1942,,,4,2016
,41.7,,26486.3,53.5,28579.7,5.1,99.6,81.4,20,GRC,55,1956,,,,2017
,,,,,,6.3,,,,GTM,,,,,,2007
,,,,,,6.4,,,,GTM,,,,,,2008
,,,,,,6.5,,,,GTM,,,,,,2009
,,,,,,6.3,100,,,GTM,,,,,,2010
,,,,,,5.7,100,,,GTM,,,,,,2011
,,,,,,5.9,100,,,GTM,,,,,,2012
,,,,,,6,100,,,GTM,,,,,,2013
,,,,,,6.5,100,,,GTM,,,,,,2014
,,,,,,6.5,100,,,GTM,,,,,,2015
,,,,,,6.4,100,,,GTM,,,,,,2016
,,,,,,6.3,100,,,GTM,,,,,,2017
,,,,,,6,,,,GUY,,,,,,2007
,,,,,,5.1,,,,HKG,,,,,,2008
,,,,,,5.4,,,,HKG,,,,,,2009
,,,,,,5.6,99.4,,,HKG,,,,,,2010
,,,,,,5.5,99.4,,,HKG,,,,,,2011
,,,,,,5.5,99.4,,,HKG,,,,,,2012
,,,,,,,99.4,,,HKG,,,,,,2013
,,,,,,5.5,99.4,,,HKG,,,,,,2014
,,,,,,,99.4,,,HKG,,,,,,2015
,,,,,,5.5,99.4,,,HKG,,,,,,2016
,,,,,,5.4,99.4,,,HKG,,,,,,2017
,,,,,,5.1,,,,HND,,,,,,2007
,,,,,,5.4,,,,HND,,,,,,2008
,,,,,,6,,,,HND,,,,,,2009
,,,,,,5.9,99.8,,,HND,,,,,,2010
,,,,,,5,99.8,,,HND,,,,,,2011
,,,,,,4.6,99.8,,,HND,,,,,,2012
,,,,,,4.7,99.8,,,HND,,,,,,2013
,,,,,,5.1,99.8,,,HND,,,,,,2014
,,,,,,4.8,99.8,,,HND,,,,,,2015
,,,,,,5.6,99.8,,,HND,,,,,,2016
,,,,,,6,99.8,,,HND,,,,,,2017
,,,,,19324.2,5.8,,,,HRV,,,,,,2007
,,,,,20831.5,,,,,HRV,,,,,,2008
,,,,,20029.5,5.4,,,,HRV,,,,,,2009
,,,,,19776.2,5.6,98.2,,,HRV,,,,,,2010
,,,,,20747.4,5.4,98.2,,,HRV,,,,,,2011
,,,,,21149.2,6,98.2,,,HRV,,,,,,2012
,,,,,21813.2,5.9,98.2,,,HRV,,,,,,2013
,,,,,22089.2,5.4,98.2,,,HRV,,,,,,2014
,,,,,22984.2,5.2,98.2,,,HRV,,,,,,2015
,,,,,24535.7,5.4,97.8,,,HRV,,,,,,2016
,,,,,26261.7,5.3,97.8,,,HRV,,,,,,2017
,,,,,,3.8,,,,HTI,,,,,,2008
,,,,,,3.8,99.8,,,HTI,,,,,,2010
,,,,,,4.8,99.8,,,HTI,,,,,,2011
,,,,,,4.4,99.8,,,HTI,,,,,,2012
,,,,,,4.6,99.8,,,HTI,,,,,,2013
,,,,,,3.9,99.8,,,HTI,,,,,,2014
,,,,,,3.6,99.8,,,HTI,,,,,,2015
,,,,,,3.4,99.8,,,HTI,,,,,,2016
,,,,,,3.8,99.8,,,HTI,,,,,,2017
12.6,61.2,293,21951.7,57,19030.1,5,,73.6,15.75,HUN,,1795,,5071.3,23.3,2007
11.8,60.5,294.7,22199.5,56.4,20678.7,,,74.2,16,HUN,,1798,,5178.8,23.4,2008
11.5,60.7,295.5,21364.5,55,20651.8,4.9,,74.4,16.1,HUN,57.85,1781,26.5,4972.9,23.3,2009
10.8,61.2,292.2,21617.8,55,21534.9,4.7,100,74.7,16.15,HUN,,1777,,4965.4,23.4,2010
11.4,60.6,291.1,21604.2,55.4,22841.2,4.9,100,75,16.3,HUN,,1769.9,,4913.2,22.8,2011
11.1,60.1,293.3,20852.3,56.7,23094.5,4.7,100,75.2,16.2,HUN,,1750,,4922.5,22,2012
10.6,60,286.3,20893.4,58.1,24464.1,4.9,100,75.7,16.45,HUN,,1744.6,,4950.5,19.4,2013
10.9,59.7,282.7,20707.5,61.8,25518.2,5.2,100,75.9,16.6,HUN,58.4,1751.7,25.8,5004.3,17.8,2014
10.8,59,280.1,20150.1,64,26356.3,5.3,100,75.7,16.35,HUN,,1748.7,,5031.1,17.3,2015
11.1,59.6,278.8,21077.6,66.5,26851.6,5.4,100,76.2,16.65,HUN,,1760,,,16.2,2016
,60,275.4,22492.7,68.2,28798.6,6.1,100,75.9,16.45,HUN,,1741.3,,,15.1,2017
0.1,19.4,,,,7849.8,5.1,,67.6,,IDN,,,,,,2007
0.1,14.1,,,,8358,4.8,,67.8,,IDN,,,,,,2008
0.1,21.4,,,,8505.5,5.5,,68,,IDN,,,,,,2009
0.1,22.3,,,,8401.7,5.5,95.8,68.2,,IDN,,,36.3,,,2010
0.1,22.9,,,,8973.6,5.2,97.4,68.4,,IDN,,,,,,2011
0.1,22.7,,,,9554.3,5.4,98.4,68.6,,IDN,,,37.9,,,2012
0.3,23.3,,,,10108.4,5.3,93.3,68.7,,IDN,,,,,,2013
0.3,23.9,,,,10661.6,5.6,93.8,68.9,,IDN,25,,,,,2014
0.3,24.9,,,,11156.9,5,95.2,69.1,,IDN,,,39.9,,,2015
0.3,25.7,,,,11714.4,5.1,94.8,69.3,,IDN,,,,,,2016
,26,,,,12380.7,5.1,94.8,69.4,,IDN,,,,,,2017
1.6,,,,,3585.8,5,,65.4,,IND,,,,,,2007
1.9,,,,,3745.8,5.1,,65.8,,IND,,,,,,2008
2.5,,,,,4038.3,4.5,,66.3,,IND,,,,,,2009
2.7,,,,,4414.1,5,99.9,66.7,,IND,,,13.7,,,2010
3,18.1,,,,4739.4,4.6,99.9,67.1,,IND,,,,,,2011
3.1,,,,,5028.2,4.7,99.9,67.4,,IND,,,12.6,,,2012
3.1,,,,,5366.2,4.4,99.9,67.8,,IND,,,,,,2013
3,,,,,5793.2,4.4,99.9,68.1,,IND,,,,,,2014
3,,,,,6254.6,4.3,99.9,68.4,,IND,,,11.2,,,2015
3,,,,,6701.3,4.2,99.9,68.6,,IND,,,,,,2016
,,,,,,4,99.9,68.9,,IND,,,,,,2017
13.2,35.3,240.3,43479.1,71.7,46746.5,,,79.7,18.55,IRL,56,1763,24,8060.8,10.4,2007
12.2,35.6,242.4,44888.4,69.7,44219.8,7.6,,80.2,18.55,IRL,,1743,,8949,11.5,2008
11,35.3,242.5,48160,63.6,41587.1,7,,80.3,19.05,IRL,,1713,,10142.5,11.7,2009
11.6,35.2,225.3,48697.7,61,43298.7,7.3,52.5,80.8,19.25,IRL,,1702,,10638.7,10.8,2010
11.7,35.5,237.2,48764.7,60,44870.5,7,60.3,80.8,19.4,IRL,,1702,,10516.2,12.2,2011
11.5,34.9,228.7,48153.4,59.9,46277.6,7,31.6,80.9,19.35,IRL,,1707,,10350.2,12.1,2012
10.6,35.3,227,46724.8,61.7,47936.4,6.8,29.1,81,19.45,IRL,,1720,,9968.1,10.9,2013
10.8,37.8,226.7,46314.7,63.1,51125.9,7,6,81.4,19.75,IRL,,1731,,9902.5,10.7,2014
10.7,37,219.2,47244.9,64.8,69147,6.8,5.2,81.5,19.7,IRL,57,1741,19,9397.8,9.3,2015
11.2,,,47709,66.4,70616.4,7,2.3,81.8,19.85,IRL,,1739,19,,,2016
11,36.3,,47302.8,67.7,77679,7.1,2.3,82.2,20.2,IRL,62,1738,18,,,2017
,,,,,,5.3,,,,IRN,,,,,,2007
,,,,,,5.1,,,,IRN,,,,,,2008
,,,,,,,99.9,,,IRN,,,,,,2010
,,,,,,4.8,99.9,,,IRN,,,,,,2011
,,,,,,4.6,99.9,,,IRN,,,,,,2012
,,,,,,5.1,99.9,,,IRN,,,,,,2013
,,,,,,4.7,99.9,,,IRN,,,,,,2014
,,,,,,4.7,99.9,,,IRN,,,,,,2015
,,,,,,4.7,99.9,,,IRN,,,,,,2016
,,,,,,4.7,99.9,,,IRN,,,,,,2017
,,,,,,4.6,,,,IRQ,,,,,,2008
,,,,,,4.8,,,,IRQ,,,,,,2009
,,,,,,5.1,100,,,IRQ,,,,,,2010
,,,,,,4.7,100,,,IRQ,,,,,,2011
,,,,,,4.7,100,,,IRQ,,,,,,2012
,,,,,,4.7,100,,,IRQ,,,,,,2013
,,,,,,4.5,100,,,IRQ,,,,,,2014
,,,,,,4.5,100,,,IRQ,,,,,,2015
,,,,,,4.4,100,,,IRQ,,,,,,2016
,,,,,,4.5,100,,,IRQ,,,,,,2017
7.5,38.4,221.8,59636.2,85.2,41182.2,,,81.5,19.7,ISL,60.2,1608,19,6281.2,12,2007
7.2,37.5,212.9,52850.9,83.6,43049,6.9,,81.7,19.5,ISL,,1610,17.6,6412.2,12.4,2008
7.2,37.1,209.3,44701.1,78.3,41813.3,,,81.8,19.8,ISL,,1523,15.4,6884.8,11.8,2009
6.8,38.1,208.8,45951.9,78.2,39582.1,,23.4,82,19.9,ISL,58.5,1514,14.2,6514,14.8,2010
6.8,37,208.5,48156.2,78.5,40769,,23.6,82.4,20.2,ISL,,1524,14.3,6670.8,8.7,2011
6.8,35.8,202.7,48049.7,79.7,41928.4,7.6,7,83,20.8,ISL,63.3,1510,13.8,6580.7,11.6,2012
6.8,36.1,199.2,48858.2,81.1,44152.6,7.5,6.9,82.1,20,ISL,,1510,11.4,6609.8,16,2013
7,36.2,205.1,49471.5,83,45712.8,,6.4,82.9,,ISL,,1503,12.6,6733.7,13.8,2014
7.7,35.9,194.4,53261.7,84.7,48856.6,7.5,6.4,82.5,20.4,ISL,57.6,1504,10.9,6589.2,12.3,2015
7.5,37.5,212.5,58131.1,86.5,52340.5,7.5,5.9,82.3,20,ISL,,1494,10.2,,12.1,2016
7.7,34.8,183.9,64415.1,86.1,55330.1,7.5,5.7,82.7,20.6,ISL,65.4,1483,9.4,,9.7,2017
2.3,36.8,198.4,37025.4,58.9,27341.5,6.8,,80.6,,ISR,,1966.5,,4038.4,5.3,2007
2.5,37.3,196.3,36073.7,59.8,27275.3,7.3,,81,19.6,ISR,47.7,1963.3,18.7,4129.3,5.7,2008
2.6,36.9,186.2,35294.3,59.2,27514.3,7.4,,81.5,,ISR,,1962.5,,4266.8,6.2,2009
2.6,36.5,189.2,34997.4,60.2,28872.4,7.4,100,81.7,,ISR,49.8,1956.5,18.5,4452.3,7.4,2010
2.7,36.6,180.9,35274.9,60.9,30550.7,7.4,100,81.7,20,ISR,,1947.2,,4522.5,6.2,2011
2.8,38.1,183.8,33166.7,66.5,31707,7.1,100,81.8,19.9,ISR,,1918.8,,4628.4,6.4,2012
2.9,37.6,179.8,33428.2,67.1,34160.4,7.3,100,82.1,,ISR,51.8,1908.2,16.2,4729.1,5.5,2013
2.7,36.8,178.8,33516,67.9,34228.1,7.4,100,82.2,,ISR,54.5,1894.5,17.1,4808.6,5.5,2014
2.6,36.7,177.1,34481.7,68.3,35449.5,7.1,100,82.1,20.2,ISR,50.9,1895.4,,4852.4,4.9,2015
2.6,36.9,171.4,35701.4,68.6,37474.7,7.2,100,82.5,,ISR,53.1,1922.1,19.6,4928,5.4,2016
,36.5,,36678.7,69,38882.1,7.3,100,82.6,20.6,ISR,50.1,1918,16.9,5171.6,,2017
7.2,38.7,215.1,38448.9,58.6,33794.6,6.6,,81.5,19.8,ITA,45.5,1818.2,22.4,8968.3,5.7,2007
6.8,39,212.2,38488.6,58.6,35154.8,6.8,,81.6,19.8,ITA,45.5,1807,22.4,9151.1,5.8,2008
6.4,39.8,210.6,38680.9,57.4,34234.2,6.3,,81.7,,ITA,46.3,1775.7,23.3,9293.4,5.9,2009
7,40.4,207.1,39051.1,56.8,34685,6.4,97.8,82.1,20.2,ITA,46,1777.3,23.1,9417.1,5.8,2010
7,41.1,207.3,38438.7,56.8,35935.5,6.1,98.1,82.3,,ITA,45.8,1773.3,22.5,9323.7,6.2,2011
7.5,41.5,205.4,37279.1,56.6,35757,5.8,97.5,82.3,20.3,ITA,46,1734.2,22.1,9283.3,6.3,2012
7.4,41.9,199.3,37338.3,55.5,35885.4,6,97.1,82.8,,ITA,45.8,1719.5,21.1,9266.8,6.3,2013
7.6,42.4,195.9,37481.9,55.7,36070.8,6,96.4,83.2,21,ITA,46.4,1717.1,19.7,9320.3,6,2014
7.1,42.3,194.4,37793.1,56.3,36836.4,5.8,96.6,82.6,,ITA,45.2,1718,19.8,9456.9,5.7,2015
7.6,42.4,,38059.9,57.2,39045.2,6,94.5,83.3,,ITA,45.9,1721.7,20,,,2016
,42.2,,37696.6,58,40981.3,6.2,94.7,83,20.8,ITA,46,1719,19.9,,,2017
,,,,,,,98.7,,,JAM,,,,,,2010
,,,,,,5.4,98.7,,,JAM,,,,,,2011
,,,,,,,98.7,,,JAM,,,,,,2012
,,,,,,5.7,98.7,,,JAM,,,,,,2013
,,,,,,5.3,98.7,,,JAM,,,,,,2014
,,,,,,,98.7,,,JAM,,,,,,2015
,,,,,,,98.7,,,JAM,,,,,,2016
,,,,,,5.9,98.7,,,JAM,,,,,,2017
,,,,,,5.6,,,,JOR,,,,,,2007
,,,,,,4.9,,,,JOR,,,,,,2008
,,,,,,6,,,,JOR,,,,,,2009
,,,,,,5.6,100,,,JOR,,,,,,2010
,,,,,,5.5,100,,,JOR,,,,,,2011
,,,,,,5.1,100,,,JOR,,,,,,2012
,,,,,,5.2,100,,,JOR,,,,,,2013
,,,,,,5.3,100,,,JOR,,,,,,2014
,,,,,,5.4,100,,,JOR,,,,,,2015
,,,,,,5.3,100,,,JOR,,,,,,2016
,,,,,,4.8,100,,,JOR,,,,,,2017
7.7,,191.9,39872.6,70.8,34507.2,6.2,,82.6,21.1,JPN,24.8,1785,24.1,6406.8,22.1,2007
7.5,,190.4,39848,70.9,34803.7,5.9,,82.7,21.1,JPN,24.2,1771,21.8,6622.9,21.8,2008
7.4,,186.1,39470.3,70.2,33202,5.8,,83,,JPN,25.1,1714,23.4,7161.8,22.2,2009
7.3,,186.1,40175.2,70.3,34994.4,6.1,93.4,82.9,,JPN,25.3,1733,19.5,7512.3,21.2,2010
7.3,,183.9,41082.1,70.8,35775.3,6.3,93.3,82.7,21.2,JPN,25.5,1728,20.1,7915.1,20.9,2011
7.2,,181.1,40380.4,70.6,37213.8,6,90,83.2,,JPN,23.7,1745,20.7,8037.5,19.1,2012
7.4,,179,40352.8,71.8,39008.4,6,90.4,83.4,,JPN,24.1,1734,19.3,8149.7,18.7,2013
7.1,,176.6,39633.3,72.8,39183.5,5.9,88.2,83.7,,JPN,24.7,1729,19.6,8116.2,17.6,2014
7.2,,173.8,39591.6,73.4,40406.1,5.9,89,83.9,21.8,JPN,23.8,1719,18.2,8214.1,16.6,2015
7.2,,171.5,40304.6,74.4,41138,6,79.4,84.1,22,JPN,25.4,1714,18.3,,15.2,2016
7.2,,,40510,75.3,41985.4,5.9,80.6,84.2,22,JPN,25.9,1709,17.7,,,2017
,,,,,,5.7,,,,KAZ,,,,,,2007
,,,,,,5.9,,,,KAZ,,,,,,2008
,,,,,,5.4,,,,KAZ,,,,,,2009
,,,,,,5.5,98.4,,,KAZ,,,,,,2010
,,,,,,5.7,98.4,,,KAZ,,,,,,2011
,,,,,,5.8,97.9,,,KAZ,,,,,,2012
,,,,,,5.8,97.4,,,KAZ,,,,,,2013
,,,,,,6,95.5,,,KAZ,,,,,,2014
,,,,,,5.9,95.9,,,KAZ,,,,,,2015
,,,,,,5.5,92.3,,,KAZ,,,,,,2016
,,,,,,5.9,92.2,,,KAZ,,,,,,2017
,,,,,,4.6,,,,KEN,,,,,,2007
,,,,,,4,,,,KEN,,,,,,2008
,,,,,,4.3,,,,KEN,,,,,,2009
,,,,,,4.3,100,,,KEN,,,,,,2010
,,,,,,4.4,100,,,KEN,,,,,,2011
,,,,,,4.5,100,,,KEN,,,,,,2012
,,,,,,3.8,100,,,KEN,,,,,,2013
,,,,,,4.9,100,,,KEN,,,,,,2014
,,,,,,4.4,100,,,KEN,,,,,,2015
,,,,,,4.4,100,,,KEN,,,,,,2016
,,,,,,4.5,100,,,KEN,,,,,,2017
,,,,,,4.7,,,,KGZ,,,,,,2007
,,,,,,4.7,,,,KGZ,,,,,,2008
,,,,,,5.1,,,,KGZ,,,,,,2009
,,,,,,5,100,,,KGZ,,,,,,2010
,,,,,,4.9,100,,,KGZ,,,,,,2011
,,,,,,5.2,100,,,KGZ,,,,,,2012
,,,,,,5.4,100,,,KGZ,,,,,,2013
,,,,,,5.3,99,,,KGZ,,,,,,2014
,,,,,,4.9,99.6,,,KGZ,,,,,,2015
,,,,,,4.9,97.5,,,KGZ,,,,,,2016
,,,,,,5.6,97.9,,,KGZ,,,,,,2017
,,,,,,4.2,,,,KHM,,,,,,2007
,,,,,,4.5,,,,KHM,,,,,,2008
,,,,,,4.1,,,,KHM,,,,,,2009
,,,,,,4.1,100,,,KHM,,,,,,2010
,,,,,,4.2,100,,,KHM,,,,,,2011
,,,,,,3.9,100,,,KHM,,,,,,2012
,,,,,,3.7,100,,,KHM,,,,,,2013
,,,,,,3.9,100,,,KHM,,,,,,2014
,,,,,,4.2,100,,,KHM,,,,,,2015
,,,,,,4.5,100,,,KHM,,,,,,2016
,,,,,,4.6,100,,,KHM,,,,,,2017
9.3,43.4,203.6,34583.1,64.1,27822.1,5.8,,79.2,18.1,KOR,31,,24,1986,28.7,2007
9.5,42.7,199.5,34272.2,64,28655.8,5.4,,79.6,18.5,KOR,25.75,2228,26.3,2172,29,2008
8.9,42.2,193.8,34361.8,63,28325.1,5.6,,80,18.9,KOR,26.4,2174,25.6,2421,33.8,2009
9,41.9,193.7,34955.6,63.4,30365.3,6.1,99.2,80.2,19,KOR,26.4,2163,22.9,2495.8,33.5,2010
8.9,41.1,185.1,35294.6,63.9,31228.3,6.9,99.2,80.6,19.3,KOR,27,2136,23.2,2545.1,33.3,2011
9.1,40.8,183.3,34864.2,64.3,32097.1,6,99.2,80.9,,KOR,27.95,2119,21.6,2769.5,29.1,2012
8.7,40.6,178.9,35528.8,64.6,32615.7,6,99.2,81.4,,KOR,27.95,2106,19.9,3018.5,28.7,2013
8.9,40.5,175,35321.1,65.6,33587.4,5.8,99.2,81.8,20.1,KOR,27.9,2076,20,3233.5,26.7,2014
9.1,40.4,168.4,35949.1,65.9,35760.7,5.8,99.2,82.1,20.3,KOR,29.75,2083,17.3,3493.3,25.8,2015
8.7,40.1,165.2,37165.1,66.1,37142.6,6,99.2,82.4,20.5,KOR,30.9,2068,18.4,3687,24.6,2016
8.7,39.9,,37849.4,66.6,38839.4,5.9,99.2,82.7,,KOR,30.7,2018,17.5,3824.1,,2017
,,,,,,6.6,,,,KWT,,,,,,2009
,,,,,,6.8,99.7,,,KWT,,,,,,2010
,,,,,,6.4,99.7,,,KWT,,,,,,2011
,,,,,,6.2,99.7,,,KWT,,,,,,2012
,,,,,,6.5,99.7,,,KWT,,,,,,2013
,,,,,,6.2,99.7,,,KWT,,,,,,2014
,,,,,,6.1,99.7,,,KWT,,,,,,2015
,,,,,,5.9,99.7,,,KWT,,,,,,2016
,,,,,,6.1,99.7,,,KWT,,,,,,2017
,,,,,,5.4,,,,LAO,,,,,,2007
,,,,,,5,,,,LAO,,,,,,2008
,,,,,,,100,,,LAO,,,,,,2010
,,,,,,4.7,100,,,LAO,,,,,,2011
,,,,,,4.9,100,,,LAO,,,,,,2012
,,,,,,,100,,,LAO,,,,,,2013
,,,,,,,100,,,LAO,,,,,,2014
,,,,,,,100,,,LAO,,,,,,2015
,,,,,,,100,,,LAO,,,,,,2016
,,,,,,4.6,100,,,LAO,,,,,,2017
,,,,,,4.6,,,,LBN,,,,,,2008
,,,,,,5.2,,,,LBN,,,,,,2009
,,,,,,5,100,,,LBN,,,,,,2010
,,,,,,5.2,100,,,LBN,,,,,,2011
,,,,,,4.6,100,,,LBN,,,,,,2012
,,,,,,5,100,,,LBN,,,,,,2013
,,,,,,5.2,100,,,LBN,,,,,,2014
,,,,,,5.2,100,,,LBN,,,,,,2015
,,,,,,5.3,100,,,LBN,,,,,,2016
,,,,,,5.2,100,,,LBN,,,,,,2017
,,,,,,3.7,,,,LBR,,,,,,2007
,,,,,,4.2,,,,LBR,,,,,,2008
,,,,,,4.2,99.6,,,LBR,,,,,,2010
,,,,,,,99.6,,,LBR,,,,,,2011
,,,,,,,99.6,,,LBR,,,,,,2012
,,,,,,,99.6,,,LBR,,,,,,2013
,,,,,,4.6,99.6,,,LBR,,,,,,2014
,,,,,,2.7,99.6,,,LBR,,,,,,2015
,,,,,,3.4,99.6,,,LBR,,,,,,2016
,,,,,,4.4,99.6,,,LBR,,,,,,2017
,,,,,,,99.8,,,LBY,,,,,,2010
,,,,,,,99.8,,,LBY,,,,,,2011
,,,,,,5.8,99.8,,,LBY,,,,,,2012
,,,,,,,99.8,,,LBY,,,,,,2013
,,,,,,,99.8,,,LBY,,,,,,2014
,,,,,,5.6,99.8,,,LBY,,,,,,2015
,,,,,,5.4,99.8,,,LBY,,,,,,2016
,,,,,,5.6,99.8,,,LBY,,,,,,2017
,,,,,,,87.9,,,LIE,,,,,,2010
,,,,,,,98.3,,,LIE,,,,,,2011
,,,,,,,87.9,,,LIE,,,,,,2012
,,,,,,,86.8,,,LIE,,,,,,2013
,,,,,,,86.8,,,LIE,,,,,,2014
,,,,,,,85.6,,,LIE,,,,,,2015
,,,,,,,85.6,,,LIE,,,,,,2016
,,,,,,,85.6,,,LIE,,,,,,2017
,,,,,,4.4,,,,LKA,,,,,,2007
,,,,,,4.4,,,,LKA,,,,,,2008
,,,,,,4.2,,,,LKA,,,,,,2009
,,,,,,4,99.8,,,LKA,,,,,,2010
,,,,,,4.2,99.8,,,LKA,,,,,,2011
,,,,,,4.2,99.8,,,LKA,,,,,,2012
,,,,,,4.4,99.8,,,LKA,,,,,,2013
,,,,,,4.3,99.8,,,LKA,,,,,,2014
,,,,,,4.6,99.8,,,LKA,,,,,,2015
,,,,,,,69.5,,,LKA,,,,,,2016
,,,,,,4.3,46.8,,,LKA,,,,,,2017
,,,,,,,100,,,LSO,,,,,,2010
,,,,,,4.9,100,,,LSO,,,,,,2011
,,,,,,,100,,,LSO,,,,,,2012
,,,,,,,100,,,LSO,,,,,,2013
,,,,,,,100,,,LSO,,,,,,2014
,,,,,,,100,,,LSO,,,,,,2015
,,,,,,3.8,100,,,LSO,,,,,,2016
,,,,,,3.8,100,,,LSO,,,,,,2017
13.9,60,241.1,21165.7,65,19095.6,5.8,,70.9,,LTU,,1660,,3215.3,31,2007
13.9,60.1,240.1,21493.5,64.4,20744,5.6,,71.8,16,LTU,,1686,,3723.5,33.7,2008
13.1,60.4,234.4,18767.9,59.9,18145.9,5.5,,72.9,16.2,LTU,,1625,,4226.8,34.5,2009
13.5,59.5,232.2,18835.7,57.5,20090.7,5.1,100,73.3,16.3,LTU,,1643,,3899.7,31.6,2010
14.7,59.4,231.4,19367.2,60.2,22854.3,5.4,100,73.7,16.6,LTU,,1621,,3789.1,32.2,2011
14.7,59.3,226.5,19671.1,62,24658.1,5.8,100,74,,LTU,,1620,,3779.6,29.5,2012
14.5,58.2,221.9,20471.7,63.7,26660.6,5.6,100,74.1,,LTU,,1606,,3713.9,34.8,2013
14.2,54.5,224.5,21367.7,65.7,28174.3,6.1,100,74.7,16.9,LTU,53.3,1599,20.3,3901.2,29.8,2014
14,52.6,232.6,22741.7,67.2,28910.3,5.7,99.5,74.5,,LTU,,1622,,4084.3,29,2015
13.2,52.8,227.9,23933.5,69.4,30300,5.9,97.9,74.8,16.8,LTU,,1644,,,26.7,2016
12.3,52.6,220.7,25207.1,70.4,33325,6.3,96.6,75.6,16.9,LTU,,1608,,,24.4,2017
12.2,39.2,220.3,60156.9,64.2,83858.2,,,79.5,,LUX,54.8,1566,21,18448.9,16.2,2007
12,40.3,201.1,59918.9,63.4,86592,,,80.6,19.2,LUX,54.7,1567,20,19423.1,8.4,2008
12,42.5,215.2,61588.3,65.2,82206.4,7,,80.7,19.5,LUX,58.7,1517,19,19988,9.3,2009
11.8,42.2,209.9,62131.6,65.2,85514.9,7.1,99.9,80.7,,LUX,59.1,1517,18.3,19806.9,10.3,2010
12.1,40.2,207.9,61213.3,64.6,91814,7.1,99.9,81.1,19.7,LUX,60.2,1515,16.9,18173,10.4,2011
12,39.2,205.5,60707.1,65.8,91526.7,7,92.8,81.5,19.9,LUX,59.2,1508,16.8,19116.4,9.4,2012
11.7,39.8,189.1,61305.5,65.7,95246.1,7.1,91.8,81.9,20.5,LUX,58.1,1503,15.7,19474.1,7.3,2013
11.8,36,199.9,63606.7,66.6,100933.6,6.9,80.7,82.3,,LUX,53.05,1506,15.3,19496.7,11.8,2014
11.9,34.8,183.6,64551.5,66.2,102817.3,6.7,82.7,82.4,,LUX,,1514,15,19427.6,11.1,2015
11.3,36,180.2,64453.1,65.6,104702.3,7,73,82.8,20.8,LUX,,1513,14.9,,7.2,2016
,36.4,,65891,66.3,107525.2,7.1,73,82.2,,LUX,,1507,16,,,2017
12.1,62.5,245,20280.4,68.1,18123.6,4.7,,70.8,,LVA,,1687,,2339.5,19.9,2007
11.8,61,240.8,20949.7,68.2,19428.6,5.1,,72,,LVA,48.5,1799,27.9,2679.7,23.1,2008
9.9,60.9,245.1,18917.1,60.4,16869.3,4.7,,72.6,,LVA,,1754,,3250.6,23.1,2009
9.8,61.7,248,18174.9,58.5,17560.8,,99.4,73,15.6,LVA,45.1,1738,,3427.3,19.7,2010
10.1,60.2,241.5,17541.4,60.8,19781.8,5,99,73.7,,LVA,,1753,,3160.7,19.9,2011
10.2,59.9,244.7,18272.9,63,21259.8,5.1,97.9,73.9,,LVA,49.1,1738,,3087.1,20.5,2012
10.4,58.3,241.5,19152,65,22674.5,5.1,96.4,74.1,,LVA,,1732,,3226.8,17.8,2013
10.6,56.4,240.7,20429.5,66.3,23802.4,5.7,96.4,74.3,16.4,LVA,53.3,1741,24.1,3282.5,18.1,2014
10.8,56.2,235.9,22295.3,68.1,24726.2,5.9,92.8,74.6,,LVA,,1708,,3481.5,18.1,2015
11.2,55.3,,23591.7,68.7,25842.6,5.9,90.7,74.7,16.5,LVA,54.6,1709,,,,2016
,53.7,,24634,70.1,28378.1,6,89.3,74.8,,LVA,,1695,,,,2017
,,,,,,,100,,,MAC,,,,,,2010
,,,,,,,100,,,MAC,,,,,,2011
,,,,,,,100,,,MAC,,,,,,2012
,,,,,,,100,,,MAC,,,,,,2013
,,,,,,,100,,,MAC,,,,,,2014
,,,,,,,100,,,MAC,,,,,,2015
,,,,,,,100,,,MAC,,,,,,2016
,,,,,,,100,,,MAC,,,,,,2017
,,,,,,4.4,100,,,MAR,,,,,,2010
,,,,,,5.1,100,,,MAR,,,,,,2011
,,,,,,5,100,,,MAR,,,,,,2012
,,,,,,5.1,100,,,MAR,,,,,,2013
,,,,,,,100,,,MAR,,,,,,2014
,,,,,,5.2,100,,,MAR,,,,,,2015
,,,,,,5.4,100,,,MAR,,,,,,2016
,,,,,,5.3,100,,,MAR,,,,,,2017
,,,,,,4.8,,,,MDA,,,,,,2007
,,,,,,5.5,,,,MDA,,,,,,2008
,,,,,,5.6,,,,MDA,,,,,,2009
,,,,,,5.6,100,,,MDA,,,,,,2010
,,,,,,5.8,100,,,MDA,,,,,,2011
,,,,,,6,100,,,MDA,,,,,,2012
,,,,,,5.8,100,,,MDA,,,,,,2013
,,,,,,5.9,100,,,MDA,,,,,,2014
,,,,,,6,100,,,MDA,,,,,,2015
,,,,,,5.6,100,,,MDA,,,,,,2016
,,,,,,5.3,100,,,MDA,,,,,,2017
,,,,,,4.6,,,,MDG,,,,,,2008
,,,,,,,99.7,,,MDG,,,,,,2010
,,,,,,4.4,99.7,,,MDG,,,,,,2011
,,,,,,3.6,99.7,,,MDG,,,,,,2012
,,,,,,3.8,99.7,,,MDG,,,,,,2013
,,,,,,3.7,99.7,,,MDG,,,,,,2014
,,,,,,3.6,99.7,,,MDG,,,,,,2015
,,,,,,3.7,99.7,,,MDG,,,,,,2016
,,,,,,4.1,99.7,,,MDG,,,,,,2017
4.1,16,127.2,17283.7,61,14233,6.5,,74.2,,MEX,65.6,2045,,986.3,4.5,2007
4,16.2,128.4,17150.2,60.7,14885.9,6.8,,74.1,,MEX,65.1,2105,10.8,1054.6,4.7,2008
4.3,17,124.3,17269,59.8,14532.4,7,,74,,MEX,,1973,7.6,1067.1,5,2009
4,17.4,124.4,16183.1,59.7,15257.7,6.8,99.8,74.1,,MEX,,2150,,1124.1,4.9,2010
4,18.1,121,16328.2,60,16546.6,6.9,99.9,74.2,17.6,MEX,,2121,10.3,1128.1,5.1,2011
3.9,18.3,120.2,16050.3,60.9,17220.1,7.3,99.8,74.4,,MEX,71.3,2120,11.8,1157.6,4.9,2012
3.9,18.6,116.1,16050.3,60.8,17461.8,7.4,99.8,74.6,,MEX,,2136,,1213,5.1,2013
4,19.1,117.9,16028.6,60.4,18167.5,6.7,99.7,74.8,,MEX,,2134,,1234.1,5.5,2014
4.4,19.4,118.2,16231.2,60.7,18438,6.2,99.7,75,17.7,MEX,,2140,7.6,1280,5.5,2015
4.4,19.8,119.5,16135.6,61,18968.9,6.8,99.6,75.2,,MEX,72.5,2146,,1276.3,5.4,2016
,20.2,,16110.2,61.1,19654.8,6.4,99.6,75.4,,MEX,,2148,7.6,,,2017
,,,,,9341.9,4.5,,,,MKD,,,,,,2007
,,,,,10521.9,,,,,MKD,,,,,,2008
,,,,,11012.2,4.4,,,,MKD,,,,,,2009
,,,,,11360.1,4.2,100,,,MKD,,,,,,2010
,,,,,11689.9,4.9,100,,,MKD,,,,,,2011
,,,,,11915.7,4.6,100,,,MKD,,,,,,2012
,,,,,12727.3,5.2,100,,,MKD,,,,,,2013
,,,,,13434.8,5.2,100,,,MKD,,,,,,2014
,,,,,13892,5,100,,,MKD,,,,,,2015
,,,,,14872.3,5.3,100,,,MKD,,,,,,2016
,,,,,,5.2,100,,,MKD,,,,,,2017
,,,,,,4.1,,,,MLI,,,,,,2008
,,,,,,4,,,,MLI,,,,,,2009
,,,,,,3.8,100,,,MLI,,,,,,2010
,,,,,,4.7,100,,,MLI,,,,,,2011
,,,,,,4.3,100,,,MLI,,,,,,2012
,,,,,,3.7,100,,,MLI,,,,,,2013
,,,,,,4,100,,,MLI,,,,,,2014
,,,,,,4.6,100,,,MLI,,,,,,2015
,,,,,,4,100,,,MLI,,,,,,2016
,,,,,,4.7,100,,,MLI,,,,,,2017
,,,,,24892.5,,,,,MLT,,,,,,2007
,,,,,26193.2,,,,,MLT,,,,,,2008
,,,,,26141.3,6.3,,,,MLT,,,,,,2009
,,,,,27811.5,5.8,99.7,,,MLT,,,,,,2010
,,,,,28585.6,6.2,99.7,,,MLT,,,,,,2011
,,,,,29434.9,6,99.7,,,MLT,,,,,,2012
,,,,,31072.4,6.4,99.7,,,MLT,,,,,,2013
,,,,,33366.3,6.5,99.7,,,MLT,,,,,,2014
,,,,,36171.8,6.6,99.7,,,MLT,,,,,,2015
,,,,,38321.4,6.6,99.7,,,MLT,,,,,,2016
,,,,,41466.4,6.7,99.7,,,MLT,,,,,,2017
,,,,,,,99.8,,,MMR,,,,,,2010
,,,,,,,99.8,,,MMR,,,,,,2011
,,,,,,4.4,99.8,,,MMR,,,,,,2012
,,,,,,4.2,99.8,,,MMR,,,,,,2013
,,,,,,4.8,99.8,,,MMR,,,,,,2014
,,,,,,4.2,99.8,,,MMR,,,,,,2015
,,,,,,4.6,99.8,,,MMR,,,,,,2016
,,,,,,4.2,99.8,,,MMR,,,,,,2017
,,,,,,5.2,,,,MNE,,,,,,2007
,,,,,,4.8,,,,MNE,,,,,,2009
,,,,,,5.5,99.7,,,MNE,,,,,,2010
,,,,,,5.2,99.7,,,MNE,,,,,,2011
,,,,,,5.2,99.7,,,MNE,,,,,,2012
,,,,,,5.1,99.7,,,MNE,,,,,,2013
,,,,,,5.3,99.7,,,MNE,,,,,,2014
,,,,,,5.1,99.7,,,MNE,,,,,,2015
,,,,,,5.3,99.7,,,MNE,,,,,,2016
,,,,,,5.6,99.7,,,MNE,,,,,,2017
,,,,,,4.6,,,,MNG,,,,,,2007
,,,,,,4.5,,,,MNG,,,,,,2008
,,,,,,4.6,98.1,,,MNG,,,,,,2010
,,,,,,5,98.4,,,MNG,,,,,,2011
,,,,,,4.9,98,,,MNG,,,,,,2012
,,,,,,4.9,97.3,,,MNG,,,,,,2013
,,,,,,4.8,97.1,,,MNG,,,,,,2014
,,,,,,5,97.8,,,MNG,,,,,,2015
,,,,,,5.1,96.7,,,MNG,,,,,,2016
,,,,,,5.3,96.7,,,MNG,,,,,,2017
,,,,,,4.8,,,,MOZ,,,,,,2007
,,,,,,4.7,,,,MOZ,,,,,,2008
,,,,,,,99.8,,,MOZ,,,,,,2010
,,,,,,5,99.8,,,MOZ,,,,,,2011
,,,,,,,99.8,,,MOZ,,,,,,2012
,,,,,,,99.8,,,MOZ,,,,,,2013
,,,,,,,99.8,,,MOZ,,,,,,2014
,,,,,,4.5,99.8,,,MOZ,,,,,,2015
,,,,,,,99.8,,,MOZ,,,,,,2016
,,,,,,4.3,99.8,,,MOZ,,,,,,2017
,,,,,,4.1,,,,MRT,,,,,,2007
,,,,,,4.2,,,,MRT,,,,,,2008
,,,,,,4.5,,,,MRT,,,,,,2009
,,,,,,4.8,99.8,,,MRT,,,,,,2010
,,,,,,4.8,99.8,,,MRT,,,,,,2011
,,,,,,4.7,99.8,,,MRT,,,,,,2012
,,,,,,4.2,99.8,,,MRT,,,,,,2013
,,,,,,4.5,99.8,,,MRT,,,,,,2014
,,,,,,3.9,99.8,,,MRT,,,,,,2015
,,,,,,4.5,99.8,,,MRT,,,,,,2016
,,,,,,4.7,99.8,,,MRT,,,,,,2017
,,,,,,,99.8,,,MUS,,,,,,2010
,,,,,,5.5,99.8,,,MUS,,,,,,2011
,,,,,,,99.8,,,MUS,,,,,,2012
,,,,,,,99.8,,,MUS,,,,,,2013
,,,,,,5.6,99.8,,,MUS,,,,,,2014
,,,,,,,99.8,,,MUS,,,,,,2015
,,,,,,5.6,99.8,,,MUS,,,,,,2016
,,,,,,6.2,99.8,,,MUS,,,,,,2017
,,,,,,4.9,,,,MWI,,,,,,2007
,,,,,,5.1,,,,MWI,,,,,,2009
,,,,,,,100,,,MWI,,,,,,2010
,,,,,,3.9,100,,,MWI,,,,,,2011
,,,,,,4.3,100,,,MWI,,,,,,2012
,,,,,,4,100,,,MWI,,,,,,2013
,,,,,,4.6,100,,,MWI,,,,,,2014
,,,,,,3.9,100,,,MWI,,,,,,2015
,,,,,,3.5,100,,,MWI,,,,,,2016
,,,,,,3.4,100,,,MWI,,,,,,2017
,,,,,,6.2,,,,MYS,,,,,,2007
,,,,,,5.8,,,,MYS,,,,,,2008
,,,,,,5.4,,,,MYS,,,,,,2009
,,,,,,5.6,96.9,,,MYS,,,,,,2010
,,,,,,5.8,97.2,,,MYS,,,,,,2011
,,,,,,5.9,97.9,,,MYS,,,,,,2012
,,,,,,5.8,93.8,,,MYS,,,,,,2013
,,,,,,6,92.3,,,MYS,,,,,,2014
,,,,,,6.3,93.5,,,MYS,,,,,,2015
,,,,,,,90.8,,,MYS,,,,,,2016
,,,,,,,90.7,,,MYS,,,,,,2017
,,,,,,4.9,,,,NAM,,,,,,2007
,,,,,,,100,,,NAM,,,,,,2010
,,,,,,,100,,,NAM,,,,,,2011
,,,,,,,100,,,NAM,,,,,,2012
,,,,,,,100,,,NAM,,,,,,2013
,,,,,,4.6,100,,,NAM,,,,,,2014
,,,,,,,100,,,NAM,,,,,,2015
,,,,,,,100,,,NAM,,,,,,2016
,,,,,,4.4,100,,,NAM,,,,,,2017
,,,,,,4.3,,,,NER,,,,,,2007
,,,,,,4.2,,,,NER,,,,,,2008
,,,,,,4.3,,,,NER,,,,,,2009
,,,,,,4.1,100,,,NER,,,,,,2010
,,,,,,4.6,100,,,NER,,,,,,2011
,,,,,,3.8,100,,,NER,,,,,,2012
,,,,,,3.7,100,,,NER,,,,,,2013
,,,,,,4.2,100,,,NER,,,,,,2014
,,,,,,3.7,100,,,NER,,,,,,2015
,,,,,,4.2,100,,,NER,,,,,,2016
,,,,,,4.6,100,,,NER,,,,,,2017
,,,,,,4.9,,,,NGA,,,,,,2007
,,,,,,4.9,,,,NGA,,,,,,2008
,,,,,,5,,,,NGA,,,,,,2009
,,,,,,4.8,99.9,,,NGA,,,,,,2010
,,,,,,,99.9,,,NGA,,,,,,2011
,,,,,,5.5,99.9,,,NGA,,,,,,2012
,,,,,,4.8,99.9,,,NGA,,,,,,2013
,,,,,,,99.9,,,NGA,,,,,,2014
,,,,,,4.9,99.9,,,NGA,,,,,,2015
,,,,,,5.2,99.9,,,NGA,,,,,,2016
,,,,,,5.3,99.9,,,NGA,,,,,,2017
,,,,,,4.9,,,,NIC,,,,,,2007
,,,,,,,99.6,,,NIC,,,,,,2010
,,,,,,,99.6,,,NIC,,,,,,2011
,,,,,,,99.6,,,NIC,,,,,,2012
,,,,,,,99.6,,,NIC,,,,,,2013
,,,,,,,99.6,,,NIC,,,,,,2014
,,,,,,,99.6,,,NIC,,,,,,2015
,,,,,,,99.4,,,NIC,,,,,,2016
,,,,,,,99.4,,,NIC,,,,,,2017
9.6,42.4,240.6,51917.5,73.5,,,,80.3,18.9,NLD,45.5,1429,23.1,7550.6,8,2007
9.7,41.1,241.2,52231.3,74.9,,,,80.5,,NLD,46.9,1429,23.3,7258.5,8.4,2008
9.4,40.6,239.3,54464,74.6,,,,80.8,19.3,NLD,47.2,1420,22.6,7667.5,8.9,2009
9.1,40.6,240.1,54477.2,73.9,,,100,81,,NLD,48.2,1420,20.9,7922.2,9.2,2010
9,40.2,237.6,54140.3,74.2,,,100,81.3,,NLD,48.2,1420,20.8,7999.3,9.5,2011
9.1,39,235,54362.2,74.3,,,100,81.2,19.5,NLD,47.9,1411,18.4,8094.3,10,2012
8.7,41.9,224.3,54555,73.6,,,99.9,81.4,19.7,NLD,45.6,1415,18.5,8160.9,10.5,2013
8.4,41.5,222.6,54260.7,73.1,,,99.9,81.8,20,NLD,48.2,1426,19.1,8088,10.4,2014
8.3,41.1,223.6,54892.6,74.2,,,99.8,81.6,,NLD,47.4,1426,19,8069.1,10.5,2015
8.2,41.1,224.6,55131.6,74.8,,,99.5,81.6,19.8,NLD,47.6,1438,18,,10.5,2016
8.3,41.2,,54633.8,75.8,,,99.5,81.8,,NLD,47.3,1435,16.8,,,2017
6.6,44.7,217.1,44498.6,76.8,,,,80.6,19.1,NOR,,1426,22,11868.7,10.5,2007
6.8,44.7,213.4,45529,78,,,,80.8,19.3,NOR,46,1429.5,21,11547.5,10.6,2008
6.7,44,208.5,46005.9,76.4,,,,81,,NOR,,1406.8,21,13089.7,11.9,2009
6.6,43.3,212.7,46594.2,75.3,,,16.3,81.2,19.6,NOR,,1415.3,19,12780.7,11.2,2010
6.4,43.8,208.1,48180,75.3,,,31.2,81.4,19.8,NOR,,1421.1,17,12431.9,12.1,2011
6.2,43.5,204.2,49465.1,75.8,,,7.4,81.5,,NOR,46,1419.7,16,12560.9,10.2,2012
6.2,42.6,196.4,50448.6,75.4,,,3.9,81.8,,NOR,,1408.1,15,12813.9,10.8,2013
6.1,40.2,198.2,50749,75.2,,,3.9,82.2,20.2,NOR,,1426.9,13,13473,10.5,2014
6,39.7,193.2,50994.1,74.8,,,3.8,82.4,,NOR,46,1423.9,13,14711.2,11.1,2015
6,39.2,189.8,50207.1,74.3,,,3.8,82.5,,NOR,,1424.4,12,,11.6,2016
6,38.8,,50412.1,74,,,3.8,82.7,,NOR,,1419.1,11,,,2017
,,,,,,,100,,,NPL,,,,,,2010
,,,,,,,100,,,NPL,,,,,,2011
,,,,,,,100,,,NPL,,,,,,2012
,,,,,,,100,,,NPL,,,,,,2013
,,,,,,,100,,,NPL,,,,,,2014
,,,,,,,100,,,NPL,,,,,,2015
,,,,,,,100,,,NPL,,,,,,2016
,,,,,,,100,,,NPL,,,,,,2017
9.2,,229.8,38387.9,75.1,,,,80.3,19.4,NZL,62.5,1774,18.1,5830.2,11.9,2007
9.5,,225.3,37964.8,74.6,,,,80.5,19.5,NZL,,1761,,6124.9,12.3,2008
9.3,,216.5,38433.3,72.8,,,,80.7,,NZL,64.7,1740,,6504.1,12,2009
9.6,,213.9,38802.8,72.2,,,10.3,80.8,,NZL,,1755,,6416.6,12.4,2010
9.5,,215.7,38803.6,72.5,,,10.7,81,,NZL,,1746,,6420.6,11.3,2011
9.2,,209.9,39621.7,72,,,5.5,81.2,20,NZL,64.3,1734,16.3,6575.1,12.5,2012
9.2,,211.4,39110.6,72.8,,,1.4,81.4,20.1,NZL,64.8,1752,15.6,6425.9,11.8,2013
9.1,38.4,210.2,39419.1,74.2,,,0.3,81.5,,NZL,65.1,1762,15.7,6592.4,11.5,2014
8.7,40.7,,40255.7,74.3,,,0.3,81.7,20.4,NZL,65.6,1757,15,6612.5,,2015
8.9,40.3,,41765,75.6,,,0,81.7,,NZL,66.8,1752,14.2,6600.3,,2016
8.8,41.2,,41953.6,76.9,,,0,81.9,,NZL,66.6,1753,13.8,6536.7,,2017
,45.1,,,,,,,,,OAVG,,,,,,2007
,45,,,,,,,,,OAVG,,,,,,2008
,44.7,,,,,,,,,OAVG,,,,,,2009
,44.8,,,,,,,,,OAVG,,,,,,2010
,44.5,,,,,,,,,OAVG,,,,,,2011
,44.5,,,,,,,,,OAVG,,,,,,2012
,44.3,,,,,,,,,OAVG,,,,,,2013
,43.6,,,,,,,,,OAVG,,,,,,2014
,43.4,,,,,,,,,OAVG,,,,,,2015
,43.1,,,,,,,,,OAVG,,,,,,2016
,42.5,,,,,,,,,OAVG,,,,,,2017
,,,44014.9,66.4,,,,,,OEC,,1768,,6490.1,,2007
,,,43934.2,66.3,,,,,,OEC,,1766,,6726.8,,2008
,,,44258.6,64.6,,,,,,OEC,,1731,,7132.9,,2009
,,,44418.8,64.4,,,,,,OEC,,1751,,7203.4,,2010
,,,44590.6,64.7,,,,,,OEC,,1750,,7171.4,,2011
,,,44581.8,64.9,,,,,,OEC,,1748,,7232.7,,2012
,,,44696.3,65.1,,,,,,OEC,,1744,,7314.9,,2013
,,,44996.7,65.7,,,,,,OEC,,1742,,7404.3,,2014
,,,45708.8,66.3,,,,,,OEC,,1743,,7071.1,,2015
,,,46016.7,67,,,,,,OEC,,1743,,,,2016
,,,46293.9,67.7,,,,,,OEC,,1737,,,,2017
,,,,,,,74.7,,,OECD,,,,,,2010
,,,,,,,77.6,,,OECD,,,,,,2011
,,,,,,,71,,,OECD,,,,,,2012
,,,,,,,68.4,,,OECD,,,,,,2013
,,,,,,,63.8,,,OECD,,,,,,2014
,,,,,,,63.3,,,OECD,,,,,,2015
,,,,,,,58.6,,,OECD,,,,,,2016
,,,,,,,58.7,,,OECD,,,,,,2017
,,,,,,,88.5,,,OECDE,,,,,,2010
,,,,,,,89.9,,,OECDE,,,,,,2011
,,,,,,,86.4,,,OECDE,,,,,,2012
,,,,,,,85.1,,,OECDE,,,,,,2013
,,,,,,,80.7,,,OECDE,,,,,,2014
,,,,,,,81.4,,,OECDE,,,,,,2015
,,,,,,,75.7,,,OECDE,,,,,,2016
,,,,,,,75.7,,,OECDE,,,,,,2017
,,,,,,,98.9,,,OMN,,,,,,2010
,,,,,,,98.9,,,OMN,,,,,,2011
,,,,,,,98.9,,,OMN,,,,,,2012
,,,,,,,98.9,,,OMN,,,,,,2013
,,,,,,,98.9,,,OMN,,,,,,2014
,,,,,,,98.9,,,OMN,,,,,,2015
,,,,,,,98.9,,,OMN,,,,,,2016
,,,,,,,98.9,,,OMN,,,,,,2017
,,,,,,,99.7,,,PAK,,,,,,2010
,,,,,,,99.7,,,PAK,,,,,,2011
,,,,,,,99.7,,,PAK,,,,,,2012
,,,,,,,99.7,,,PAK,,,,,,2013
,,,,,,,99.7,,,PAK,,,,,,2014
,,,,,,,99.7,,,PAK,,,,,,2015
,,,,,,,99.7,,,PAK,,,,,,2016
,,,,,,,99.7,,,PAK,,,,,,2017
,,,,,,,94.5,,,PAN,,,,,,2010
,,,,,,,95.4,,,PAN,,,,,,2011
,,,,,,,94.8,,,PAN,,,,,,2012
,,,,,,,92.2,,,PAN,,,,,,2013
,,,,,,,89.4,,,PAN,,,,,,2014
,,,,,,,87.6,,,PAN,,,,,,2015
,,,,,,,74.4,,,PAN,,,,,,2016
,,,,,,,73.6,,,PAN,,,,,,2017
,,,,,,,98.5,,,PER,,,,,,2010
,,,,,,,98.5,,,PER,,,,,,2011
,,,,,,,98.5,,,PER,,,,,,2012
,,,,,,,98.5,,,PER,,,,,,2013
,,,,,,,98.5,,,PER,,,,,,2014
,,,,,,,98.4,,,PER,,,,,,2015
,,,,,,,98.4,,,PER,,,,,,2016
,,,,,,,98.4,,,PER,,,,,,2017
,,,,,,,98.5,,,PHL,,,,,,2010
,,,,,,,98.5,,,PHL,,,,,,2011
,,,,,,,98.5,,,PHL,,,,,,2012
,,,,,,,98.1,,,PHL,,,,,,2013
,,,,,,,97.6,,,PHL,,,,,,2014
,,,,,,,97.9,,,PHL,,,,,,2015
,,,,,,,95.6,,,PHL,,,,,,2016
,,,,,,,95.2,,,PHL,,,,,,2017
,,,,,,,97.6,,,PNG,,,,,,2010
,,,,,,,97.6,,,PNG,,,,,,2011
,,,,,,,97.6,,,PNG,,,,,,2012
,,,,,,,97.6,,,PNG,,,,,,2013
,,,,,,,97.6,,,PNG,,,,,,2014
,,,,,,,97.6,,,PNG,,,,,,2015
,,,,,,,97.5,,,PNG,,,,,,2016
,,,,,,,97.5,,,PNG,,,,,,2017
10.3,67.6,260,21878.2,57,,,,75.4,,POL,,1859,,3674.6,13.4,2007
10.8,67.6,255.6,23045,59.2,,,,75.7,,POL,,1852,,3966.8,14.4,2008
10.2,66.8,251.8,22999,59.4,,,,75.8,17,POL,52.2,1838,23.8,4259.4,16.3,2009
10,66,244.2,23652.3,59,,,100,76.5,17.3,POL,,1834,,4292.7,15.9,2010
10.3,65.6,238.9,23654.2,59.3,,,100,76.8,,POL,,1829,,4247.8,15.3,2011
10.2,65.1,240.6,23445.5,59.7,,,100,76.9,17.6,POL,,1824,,4340.5,15.8,2012
10.8,64.4,234.7,23713,60,,,100,77.1,17.7,POL,,1821,,4612,15.5,2013
10.5,63.5,234,24195.8,61.7,,,100,77.7,,POL,53.3,1827,22.7,4735,14.8,2014
10.5,63,242.7,24726.1,62.9,,,100,77.6,17.9,POL,,1834,,,13.5,2015
10.5,62.6,236.7,25956.4,64.5,,,99.9,78,,POL,,1836,,,11.6,2016
10.6,62.2,,27058,66.1,,,99.9,77.9,,POL,,1815,,,,2017
,,,,,,,99.7,,,PRK,,,,,,2010
,,,,,,,99.7,,,PRK,,,,,,2011
,,,,,,,99.7,,,PRK,,,,,,2012
,,,,,,,99.7,,,PRK,,,,,,2013
,,,,,,,99.7,,,PRK,,,,,,2014
,,,,,,,99.7,,,PRK,,,,,,2015
,,,,,,,99.7,,,PRK,,,,,,2016
,,,,,,,99.7,,,PRK,,,,,,2017
12.6,13.8,197.6,26068.6,67.6,,,,79.2,18.6,PRT,,1745,,6012.6,8.9,2007
12.4,13.9,198.7,25983.9,68,,,,79.5,18.8,PRT,,1733,,6142.4,9,2008
12,15.2,198.3,27184.2,66.1,,,,79.7,19,PRT,,1733,,6586.4,8.9,2009
12.2,16.5,198.4,27080.3,65.3,,,50.9,80,19.1,PRT,,1735,,6689.8,9.3,2010
11.9,17.8,198.7,26436.5,63.8,,,55,80.6,19.7,PRT,,1714,,6554.3,8.6,2011
10.9,19.1,196.7,25294.2,61.4,,,29.4,80.5,,PRT,,1698,,6351.4,9,2012
10.5,20.7,195,25813.9,60.6,,,29.4,80.8,19.7,PRT,,1707,,6583.7,8.7,2013
10.4,21.6,194.1,25360.1,62.6,,,23.8,81.2,20,PRT,52.8,1714,16.8,6546.9,10.2,2014
10.5,22.3,194.3,25307.3,63.9,,,26.2,81.2,,PRT,67.6,1722,,6418.8,9.3,2015
10.7,23.1,196,25349.8,65.2,,,14,81.2,19.9,PRT,,1725,,,8.1,2016
,23.9,,25288.7,67.8,,,15.1,81.5,20.2,PRT,,1727,,,,2017
,,,,,,,100,,,PRY,,,,,,2010
,,,,,,,100,,,PRY,,,,,,2011
,,,,,,,100,,,PRY,,,,,,2012
,,,,,,,100,,,PRY,,,,,,2013
,,,,,,,100,,,PRY,,,,,,2014
,,,,,,,100,,,PRY,,,,,,2015
,,,,,,,99.3,,,PRY,,,,,,2016
,,,,,,,99.4,,,PRY,,,,,,2017
,,,,,,,100,,,QAT,,,,,,2010
,,,,,,,100,,,QAT,,,,,,2011
,,,,,,,100,,,QAT,,,,,,2012
,,,,,,,100,,,QAT,,,,,,2013
,,,,,,,100,,,QAT,,,,,,2014
,,,,,,,100,,,QAT,,,,,,2015
,,,,,,,100,,,QAT,,,,,,2016
,,,,,,,100,,,QAT,,,,,,2017
,,,,,,,100,,,ROU,,,,,,2010
,,,,,,,100,,,ROU,,,,,,2011
,,,,,,,99.1,,,ROU,,,,,,2012
,,,,,,,98.9,,,ROU,,,,,,2013
,,,,,,,97.9,,,ROU,,,,,,2014
,,,,,,,98.9,,,ROU,,,,,,2015
,,,,,,,97.6,,,ROU,,,,,,2016
,,,,,,,97.5,,,ROU,,,,,,2017
,,214,,,,,,67.7,13.9,RUS,,1999,,,28,2007
18,,213.7,,,,,,68.1,14,RUS,,1997,,,26.1,2008
16.1,,216.1,,,,,,68.8,,RUS,,1974,39.4,,25.4,2009
15.8,42.4,211.6,,,,,95.9,69,14.3,RUS,,1976,,,22.5,2010
15.2,42.2,208.9,,,,,95.2,69.8,14.8,RUS,,1979,,,21,2011
14.6,42.5,205,,,,,94.4,70.2,,RUS,,1982,,,20,2012
13.9,42,203.6,,,,,92.2,70.7,,RUS,,1980,,,19.3,2013
13.8,41.8,203.5,,,,,92.1,70.9,,RUS,,1985,,,17.9,2014
13,41.2,,,,,,90.3,71.3,,RUS,,1978,,,,2015
12.1,40.9,,,,,,90.4,71.8,,RUS,,1974,30.3,,,2016
11.1,38.5,,,,,,90.3,72.6,,RUS,,1980,,,,2017
,,,,,,,100,,,RWA,,,,,,2010
,,,,,,,100,,,RWA,,,,,,2011
,,,,,,,100,,,RWA,,,,,,2012
,,,,,,,100,,,RWA,,,,,,2013
,,,,,,,100,,,RWA,,,,,,2014
,,,,,,,100,,,RWA,,,,,,2015
,,,,,,,100,,,RWA,,,,,,2016
,,,,,,,100,,,RWA,,,,,,2017
,,,,,,,99.6,,,SAU,,,,,,2010
,,,,,,,99.6,,,SAU,,,,,,2011
,,,,,,,99.6,,,SAU,,,,,,2012
,,,,,,,99.6,,,SAU,,,,,,2013
,31.8,,,,,,99.6,,,SAU,,,,,,2014
,,,,,,,99.6,,,SAU,,,,,,2015
,32.9,,,,,,99.6,,,SAU,,,,,,2016
,,,,,,,99.6,,,SAU,,,,,,2017
,,,,,,,100,,,SDN,,,,,,2010
,,,,,,,100,,,SDN,,,,,,2011
,,,,,,,100,,,SDN,,,,,,2012
,,,,,,,100,,,SDN,,,,,,2013
,,,,,,,100,,,SDN,,,,,,2014
,,,,,,,100,,,SDN,,,,,,2015
,,,,,,,100,,,SDN,,,,,,2016
,,,,,,,100,,,SDN,,,,,,2017
,,,,,,,100,,,SEN,,,,,,2010
,,,,,,,100,,,SEN,,,,,,2011
,,,,,,,100,,,SEN,,,,,,2012
,,,,,,,100,,,SEN,,,,,,2013
,,,,,,,100,,,SEN,,,,,,2014
,,,,,,,100,,,SEN,,,,,,2015
,,,,,,,100,,,SEN,,,,,,2016
,,,,,,,100,,,SEN,,,,,,2017
,,,,,,,100,,,SGP,,,,,,2010
,,,,,,,100,,,SGP,,,,,,2011
,,,,,,,100,,,SGP,,,,,,2012
,,,,,,,100,,,SGP,,,,,,2013
,,,,,,,100,,,SGP,,,,,,2014
,,,,,,,100,,,SGP,,,,,,2015
,,,,,,,100,,,SGP,,,,,,2016
,,,,,,,100,,,SGP,,,,,,2017
,,,,,,,99.7,,,SLE,,,,,,2010
,,,,,,,99.7,,,SLE,,,,,,2011
,,,,,,,99.7,,,SLE,,,,,,2012
,,,,,,,99.7,,,SLE,,,,,,2013
,,,,,,,99.7,,,SLE,,,,,,2014
,,,,,,,99.7,,,SLE,,,,,,2015
,,,,,,,99.7,,,SLE,,,,,,2016
,,,,,,,99.7,,,SLE,,,,,,2017
,,,,,,,99.7,,,SLV,,,,,,2010
,,,,,,,99.7,,,SLV,,,,,,2011
,,,,,,,99.7,,,SLV,,,,,,2012
,,,,,,,99.7,,,SLV,,,,,,2013
,,,,,,,99.7,,,SLV,,,,,,2014
,,,,,,,99.7,,,SLV,,,,,,2015
,,,,,,,99.7,,,SLV,,,,,,2016
,,,,,,,99.7,,,SLV,,,,,,2017
,,,,,,,99.5,,,SOM,,,,,,2010
,,,,,,,99.5,,,SOM,,,,,,2011
,,,,,,,99.5,,,SOM,,,,,,2012
,,,,,,,99.5,,,SOM,,,,,,2013
,,,,,,,99.5,,,SOM,,,,,,2014
,,,,,,,99.5,,,SOM,,,,,,2015
,,,,,,,99.5,,,SOM,,,,,,2016
,,,,,,,99.5,,,SOM,,,,,,2017
,,,,,,,100,,,SRB,,,,,,2010
,,,,,,,100,,,SRB,,,,,,2011
,,,,,,,100,,,SRB,,,,,,2012
,,,,,,,100,,,SRB,,,,,,2013
,,,,,,,100,,,SRB,,,,,,2014
,,,,,,,100,,,SRB,,,,,,2015
,,,,,,,100,,,SRB,,,,,,2016
,,,,,,,100,,,SRB,,,,,,2017
10.7,,254.9,20514.4,60.7,,,,74.5,,SVK,,1791,,3635.5,,2007
11.2,,251.5,20718.3,62.2,,,,75,15.8,SVK,51.5,1793,,3847.1,10.7,2008
10.7,,246.1,21416.5,60.2,,,,75.3,,SVK,50.8,1780,19.5,4308.2,10.8,2009
10.1,74.7,247.2,22359.8,58.8,,,,75.6,,SVK,,1805,,4465.7,11.3,2010
10.2,75.2,,22161.1,59.3,,,,76.1,,SVK,,1793,,4538.5,,2011
10.1,75.2,254.7,21916.8,59.7,,,,76.2,,SVK,,1789,,4646.6,10.2,2012
9.9,73.6,260.5,22082.5,59.9,,,100,76.5,,SVK,,1772,,4758.6,10.9,2013
10.1,72.6,258.6,22510.9,61,,,100,76.9,17.1,SVK,54.2,1760,22.9,4902.3,9.7,2014
10.2,72.7,,23344,62.7,,,100,76.7,16.9,SVK,,1754,,5005.8,,2015
9.9,71.9,,24053.1,64.8,,,100,77.3,,SVK,,1740,,,,2016
9.7,70.5,,24719.5,66.2,,,100,77.3,17.2,SVK,,1714,,,,2017
11,,260.9,33606.5,67.8,,,,78.3,,SVN,55.1,1654.9,18.9,5761.6,19.9,2007
11,,262,34097.2,68.6,,,,79.1,,SVN,,1673.7,,5987.4,18.6,2008
10.5,,258.2,34435.8,67.5,,,,79.3,,SVN,,1678.8,,6187.2,20,2009
10.3,70.1,257.3,35473.8,66.2,,,100,79.8,18.9,SVN,,1680.1,,6495.2,18.6,2010
10.6,69.8,249.8,35340.8,64.4,,,100,80.1,19,SVN,,1663.2,,6555.5,19.3,2011
11,68.2,242.3,34227.7,64.1,,,100,80.2,19.1,SVN,,1644.6,,6374.6,19.3,2012
9.5,59.6,247.8,33748.9,63.3,,,,80.4,19.3,SVN,,1662.4,,6371.4,19.6,2013
10.9,59.4,235.1,34282.5,63.9,,,,81.2,,SVN,55.6,1681.9,18.9,6345.8,16.9,2014
11.5,60,243.3,34933.6,65.2,,,,80.9,19.5,SVN,,1687.8,,6364.5,18.1,2015
10.5,59.6,,36153.4,65.8,,,100,81.3,,SVN,,1652.9,,,,2016
10.1,59.4,,36883,69.3,,,100,81.1,,SVN,,1621.7,,,,2017
7,,198.3,39137.1,74.2,,,,81.1,,SWE,44.6,1472,13.8,10882.1,11.9,2007
7,,195.3,39678.8,74.3,,,,81.3,,SWE,44.9,1477,14.6,10765.5,12.2,2008
7.3,,192.8,39938.3,72.2,,,,81.5,19.7,SWE,45.5,1470,14,10945.8,12.9,2009
7.3,58.5,189.1,40175.4,72.2,,,100,81.6,,SWE,46.4,1494,13.6,10929.3,11.7,2010
7.4,57.6,187.5,40680.6,73.6,,,100,81.9,19.9,SWE,46.3,1491,13.1,10854.2,11.4,2011
7.2,57.1,188.3,41581,73.8,,,100,81.8,19.8,SWE,47.1,1478,12.8,11128.4,11.6,2012
7.3,56.6,186.2,42015.8,74.4,,,100,82,,SWE,46.9,1470,10.7,11452.6,12.3,2013
7.2,56.6,184.6,42444.1,74.8,,,99.9,82.3,,SWE,46.5,1470,11.9,11476.3,11.4,2014
7.2,53.4,184.7,43159.4,75.5,,,99.9,82.3,20.2,SWE,48.3,1471,11.2,11664.1,11.7,2015
7.2,53.3,179.6,43735.7,76.2,,,,82.4,20.3,SWE,48.8,1482,10.9,,11.1,2016
7.1,53,,43987.5,76.8,,,,82.5,,SWE,48.2,1470,10.4,,,2017
,52.7,,,,,,,,,SWZ,,,,,,2010
,52.4,,,,,,4.2,,,SWZ,,,,,,2011
,51.9,,,,,,6.2,,,SWZ,,,,,,2012
,51.8,,,,,,3.1,,,SWZ,,,,,,2013
,51.1,,,,,,3,,,SWZ,,,,,,2014
,42.9,,,,,,3.2,,,SWZ,,,,,,2015
,42.2,,,,,,3,,,SWZ,,,,,,2016
,41.6,,,,,,3,,,SWZ,,,,,,2017
,41.1,,,,,,3,,,SYR,,,,,,2010
,,,,,,,100,,,SYR,,,,,,2011
,,,,,,,100,,,SYR,,,,,,2012
,,,,,,,100,,,SYR,,,,,,2013
,,,,,,,100,,,SYR,,,,,,2014
,,,,,,,100,,,SYR,,,,,,2015
,,,,,,,100,,,SYR,,,,,,2016
,,,,,,,100,,,SYR,,,,,,2017
,,,,,,,100,,,TCD,,,,,,2010
,,,,,,,99.8,,,TCD,,,,,,2011
,,,,,,,99.8,,,TCD,,,,,,2012
,,,,,,,99.8,,,TCD,,,,,,2013
,,,,,,,99.8,,,TCD,,,,,,2014
,,,,,,,99.8,,,TCD,,,,,,2015
,,,,,,,99.8,,,TCD,,,,,,2016
,,,,,,,99.8,,,TCD,,,,,,2017
,,,,,,,99.8,,,TGO,,,,,,2010
,,,,,,,100,,,TGO,,,,,,2011
,,,,,,,100,,,TGO,,,,,,2012
,,,,,,,100,,,TGO,,,,,,2013
,,,,,,,100,,,TGO,,,,,,2014
,,,,,,,100,,,TGO,,,,,,2015
,,,,,,,100,,,TGO,,,,,,2016
,,,,,,,100,,,TGO,,,,,,2017
,,,,,,,100,,,THA,,,,,,2010
,,,,,,,99.9,,,THA,,,,,,2011
,,,,,,,99.9,,,THA,,,,,,2012
,,,,,,,99.9,,,THA,,,,,,2013
,,,,,,,99.9,,,THA,,,,,,2014
,,,,,,,99.9,,,THA,,,,,,2015
,,,,,,,99.9,,,THA,,,,,,2016
,,,,,,,99.9,,,THA,,,,,,2017
,,,,,,,99.9,,,TJK,,,,,,2010
,,,,,,,99.7,,,TJK,,,,,,2011
,,,,,,,99.7,,,TJK,,,,,,2012
,,,,,,,99.7,,,TJK,,,,,,2013
,,,,,,,99.7,,,TJK,,,,,,2014
,,,,,,,99.7,,,TJK,,,,,,2015
,,,,,,,99.7,,,TJK,,,,,,2016
,,,,,,,99.7,,,TJK,,,,,,2017
,,,,,,,99.7,,,TKM,,,,,,2010
,,,,,,,100,,,TKM,,,,,,2011
,,,,,,,100,,,TKM,,,,,,2012
,,,,,,,100,,,TKM,,,,,,2013
,,,,,,,100,,,TKM,,,,,,2014
,,,,,,,100,,,TKM,,,,,,2015
,,,,,,,100,,,TKM,,,,,,2016
,,,,,,,100,,,TKM,,,,,,2017
,,,,,,,100,,,TLS,,,,,,2010
,,,,,,,100,,,TLS,,,,,,2011
,,,,,,,100,,,TLS,,,,,,2012
,,,,,,,100,,,TLS,,,,,,2013
,,,,,,,100,,,TLS,,,,,,2014
,,,,,,,100,,,TLS,,,,,,2015
,,,,,,,100,,,TLS,,,,,,2016
,,,,,,,100,,,TLS,,,,,,2017
,,,,,,,100,,,TTO,,,,,,2010
,,,,,,,100,,,TTO,,,,,,2011
,,,,,,,100,,,TTO,,,,,,2012
,,,,,,,100,,,TTO,,,,,,2013
,,,,,,,100,,,TTO,,,,,,2014
,,,,,,,100,,,TTO,,,,,,2015
,,,,,,,100,,,TTO,,,,,,2016
,,,,,,,100,,,TTO,,,,,,2017
,,,,,,,100,,,TUN,,,,,,2010
,,,,,,,99.1,,,TUN,,,,,,2011
,,,,,,,99.1,,,TUN,,,,,,2012
,,,,,,,99.1,,,TUN,,,,,,2013
,,,,,,,99.1,,,TUN,,,,,,2014
,,,,,,,99.1,,,TUN,,,,,,2015
,,,,,,,99.1,,,TUN,,,,,,2016
,,,,,,,99.1,,,TUN,,,,,,2017
1.3,,,,44.6,,,,73.7,14.8,TUR,,1911,,1879.6,,2007
1.5,,,,44.9,,,,73.9,14.9,TUR,47.6,1900,27.4,1906.2,,2008
1.5,,147.5,,44.2,,,,74.1,,TUR,,1881,,2101.8,2,2009
1.5,,152.8,,46.3,,,,74.3,15,TUR,49.9,1877,25.4,2131.8,2.4,2010
1.5,,156,,48.4,,,,74.6,15.1,TUR,55.4,1864.2,,2247.8,1.7,2011
1.6,,155.5,,48.9,,,,74.6,15.1,TUR,52,1855.1,23.8,2354.3,2.1,2012
1.4,,166.1,,49.5,,,,78,,TUR,,1832,,2482.5,2.6,2013
1.5,,164.3,,49.5,,,,78,17.8,TUR,53.6,1832,27.3,2558.5,2.3,2014
1.4,,160.8,,50.1,,,,78,,TUR,,1832,,2656.9,2.1,2015
1.3,,160.6,,50.6,,,,78,17.7,TUR,53.9,,26.5,2936.5,2.6,2016
1.4,,,,51.5,,,,78.1,17.6,TUR,64.4,,,,,2017
,,,,,,,99.1,,,TZA,,,,,,2010
,,,,,,,99.4,,,TZA,,,,,,2011
,,,,,,,99.4,,,TZA,,,,,,2012
,,,,,,,99.4,,,TZA,,,,,,2013
,,,,,,,99.4,,,TZA,,,,,,2014
,,,,,,,99.4,,,TZA,,,,,,2015
,,,,,,,99.4,,,TZA,,,,,,2016
,,,,,,,99.4,,,TZA,,,,,,2017
,,,,,,,99.4,,,UGA,,,,,,2010
,18.3,,,,,,,,,UGA,,,,,,2011
,18.3,,,,,,,,,UGA,,,,,,2012
,18.3,,,,,,,,,UGA,,,,,,2013
,18.1,,,,,,100,,,UGA,,,,,,2014
,18.1,,,,,,100,,,UGA,,,,,,2015
,18.6,,,,,,100,,,UGA,,,,,,2016
,18.9,,,,,,100,,,UGA,,,,,,2017
,18.9,,,,,,99.9,,,UKR,,,,,,2010
,19,,,,,,99.9,,,UKR,,,,,,2011
,19.2,,,,,,99.9,,,UKR,,,,,,2012
,19.3,,,,,,99.9,,,UKR,,,,,,2013
,,,,,,,99.95,,,UKR,,,,,,2014
,,,,,,,99.95,,,UKR,,,,,,2015
,,,,,,,99.95,,,UKR,,,,,,2016
,,,,,,,99.95,,,UKR,,,,,,2017
,,,,,,,94.1,,,URY,,,,,,2010
,,,,,,,97.65,,,URY,,,,,,2011
,,,,,,,83.5,,,URY,,,,,,2012
,,,,,,,80.9,,,URY,,,,,,2013
,,,,,,,61.25,,,URY,,,,,,2014
,,,,,,,59.9,,,URY,,,,,,2015
,,,,,,,58.05,,,URY,,,,,,2016
,,,,,,,58.05,,,URY,,,,,,2017
8.7,47.6,206.8,58597.3,71.8,,,,78.1,18.7,USA,61.9,1795,15.4,7900.3,11.7,2007
8.7,47.6,202.8,58400.9,70.9,,,,78.1,18.7,USA,65.25,1787,16.5,8158,12,2008
8.7,47.4,200.3,58872.6,67.6,,,,78.5,19,USA,63.5,1762,16.1,8915.4,12.2,2009
8.6,47.3,197.9,59476.6,66.7,,,37.2,78.6,19,USA,65.95,1773,15.1,9317.3,12.5,2010
8.7,46.8,194.5,59562.5,66.6,,,45.6,78.7,19.1,USA,63.1,1780,14.8,9277.2,12.8,2011
8.9,46.3,192.5,60047.2,67.1,,,27.9,78.8,19.2,USA,66.05,1783,14.2,9275.9,13,2012
8.8,45.7,191.2,59765.8,67.4,,,20.3,78.8,19.2,USA,63.2,1781,13.7,9364.7,13.1,2013
8.8,45.3,189.3,60618,68.1,,,11.1,78.9,19.3,USA,67.2,1784,12.9,9505.7,13.5,2014
8.9,44.9,183.6,62106.3,68.7,,,8.1,78.7,,USA,63.8,1785,11.4,9734.4,13.8,2015
8.9,44.5,180.6,62153.1,69.4,,,3.1,78.7,,USA,68.05,1781,11.8,9875.2,13.9,2016
,44.3,,62727.4,70.1,,,3.1,78.6,,USA,65.5,1780,10.5,,,2017
,,,,,,,100,,,UZB,,,,,,2010
,,,,,,,100,,,UZB,,,,,,2011
,,,,,,,100,,,UZB,,,,,,2012
,,,,,,,100,,,UZB,,,,,,2013
,,,,,,,100,,,UZB,,,,,,2014
,,,,,,,100,,,UZB,,,,,,2015
,,,,,,,100,,,UZB,,,,,,2016
,,,,,,,100,,,UZB,,,,,,2017
,,,,,,,99.7,,,VEN,,,,,,2010
,,,,,,,99.7,,,VEN,,,,,,2011
,,,,,,,99.7,,,VEN,,,,,,2012
,,,,,,,99.7,,,VEN,,,,,,2013
,,,,,,,99.7,,,VEN,,,,,,2014
,,,,,,,99.7,,,VEN,,,,,,2015
,,,,,,,99.6,,,VEN,,,,,,2016
,,,,,,,99.6,,,VEN,,,,,,2017
,,,,,,,99.5,,,VNM,,,,,,2010
,,,,,,,99.5,,,VNM,,,,,,2011
,,,,,,,99.5,,,VNM,,,,,,2012
,,,,,,,99.5,,,VNM,,,,,,2013
,,,,,,,99.5,,,VNM,,,,,,2014
,,,,,,,99.5,,,VNM,,,,,,2015
,,,,,,,99.5,,,VNM,,,,,,2016
,,,,,,,99.5,,,VNM,,,,,,2017
,,,,,,,94.3,,,WLD,,,,,,2010
,,,,,,,94.9,,,WLD,,,,,,2011
,,,,,,,93.4,,,WLD,,,,,,2012
,,,,,,,92.6,,,WLD,,,,,,2013
,,,,,,,91.5,,,WLD,,,,,,2014
,,,,,,,91.3,,,WLD,,,,,,2015
,,,,,,,90,,,WLD,,,,,,2016
,,,,,,,89.9,,,WLD,,,,,,2017
,,,,,,,99.4,,,YEM,,,,,,2010
,,,,,,,99.4,,,YEM,,,,,,2011
,,,,,,,99.4,,,YEM,,,,,,2012
,,,,,,,99.4,,,YEM,,,,,,2013
,,,,,,,99.4,,,YEM,,,,,,2014
,,,,,,,99.4,,,YEM,,,,,,2015
,,,,,,,99.4,,,YEM,,,,,,2016
,,,,,,,99.4,,,YEM,,,,,,2017
8.8,,190.4,,44.4,,,,53.1,,ZAF,,,,,1,2007
8.6,56.7,182.5,,45.9,,,,53.8,,ZAF,,,,,1.1,2008
8,58.8,185,,43.9,,,,54.8,,ZAF,,,,,0.8,2009
7.3,59.7,184.8,,41.8,,,100,55.9,,ZAF,,,20.3,,0.9,2010
7.3,60.7,185,,41.9,,,100,57.3,,ZAF,,,,,0.8,2011
7.3,62.2,180.9,,42.2,,,100,58.6,,ZAF,,,19.8,,1.1,2012
7.2,62.9,175.5,,42.7,,,100,59.9,,ZAF,,,,,1.3,2013
7.2,64.3,176.2,,42.8,,,100,61,,ZAF,,,,,1.2,2014
7.1,63.7,187.2,,43.7,,,100,62,,ZAF,,,19,,1,2015
7.1,64.7,,,43,,,100,62.8,,ZAF,,,,,,2016
,65.8,,,43.4,,,100,63.4,,ZAF,,,,,,2017
,,,,,,,100,,,ZMB,,,,,,2010
,,,,,,,100,,,ZMB,,,,,,2011
,,,,,,,100,,,ZMB,,,,,,2012
,,,,,,,100,,,ZMB,,,,,,2013
,,,,,,,100,,,ZMB,,,,,,2014
,,,,,,,100,,,ZMB,,,,,,2015
,,,,,,,100,,,ZMB,,,,,,2016
,,,,,,,100,,,ZMB,,,,,,2017
,,,,,,,100,,,ZWE,,,,,,2010
,,,,,,,100,,,ZWE,,,,,,2011
,,,,,,,100,,,ZWE,,,,,,2012
,,,,,,,100,,,ZWE,,,,,,2013
,,,,,,,100,,,ZWE,,,,,,2014
,,,,,,,100,,,ZWE,,,,,,2015
,,,,,,,100,,,ZWE,,,,,,2016
,,,,,,,100,,,ZWE,,,,,,2017
