Location;Time;Happiness
AFG;2008;3.7
AFG;2009;4.4
AFG;2010;4.8
AFG;2011;3.8
AFG;2012;3.8
AFG;2013;3.6
AFG;2014;3.1
AFG;2015;4
AFG;2016;4.2
AFG;2017;2.7
AGO;2011;5.6
AGO;2012;4.4
AGO;2013;3.9
AGO;2014;3.8
ALB;2007;4.6
ALB;2009;5.5
ALB;2010;5.3
ALB;2011;5.9
ALB;2012;5.5
ALB;2013;4.6
ALB;2014;4.8
ALB;2015;4.6
ALB;2016;4.5
ALB;2017;4.6
ARE;2009;6.9
ARE;2010;7.1
ARE;2011;7.1
ARE;2012;7.2
ARE;2013;6.6
ARE;2014;6.5
ARE;2015;6.6
ARE;2016;6.8
ARE;2017;7
ARG;2007;6.1
ARG;2008;6
ARG;2009;6.4
ARG;2010;6.4
ARG;2011;6.8
ARG;2012;6.5
ARG;2013;6.6
ARG;2014;6.7
ARG;2015;6.7
ARG;2016;6.4
ARG;2017;6
ARM;2007;4.9
ARM;2008;4.7
ARM;2009;4.2
ARM;2010;4.4
ARM;2011;4.3
ARM;2012;4.3
ARM;2013;4.3
ARM;2014;4.5
ARM;2015;4.3
ARM;2016;4.3
ARM;2017;4.3
AUS;2007;7.3
AUS;2008;7.3
AUS;2010;7.5
AUS;2011;7.4
AUS;2012;7.2
AUS;2013;7.4
AUS;2014;7.3
AUS;2015;7.3
AUS;2016;7.3
AUS;2017;7.3
AUT;2008;7.2
AUT;2010;7.3
AUT;2011;7.5
AUT;2012;7.4
AUT;2013;7.5
AUT;2014;6.9
AUT;2015;7.1
AUT;2016;7
AUT;2017;7.3
AZE;2007;4.6
AZE;2008;4.8
AZE;2009;4.6
AZE;2010;4.2
AZE;2011;4.7
AZE;2012;4.9
AZE;2013;5.5
AZE;2014;5.3
AZE;2015;5.1
AZE;2016;5.3
AZE;2017;5.2
BDI;2008;3.6
BDI;2009;3.8
BDI;2011;3.7
BDI;2014;2.9
BEL;2007;7.2
BEL;2008;7.1
BEL;2010;6.9
BEL;2011;7.1
BEL;2012;6.9
BEL;2013;7.1
BEL;2014;6.9
BEL;2015;6.9
BEL;2016;6.9
BEL;2017;6.9
BEN;2008;3.7
BEN;2011;3.9
BEN;2012;3.2
BEN;2013;3.5
BEN;2014;3.3
BEN;2015;3.6
BEN;2016;4
BEN;2017;4.9
BFA;2007;4
BFA;2008;3.8
BFA;2010;4
BFA;2011;4.8
BFA;2012;4
BFA;2013;3.3
BFA;2014;3.5
BFA;2015;4.4
BFA;2016;4.2
BFA;2017;4.6
BGD;2007;4.6
BGD;2008;5.1
BGD;2009;5.1
BGD;2010;4.9
BGD;2011;5
BGD;2012;4.7
BGD;2013;4.7
BGD;2014;4.6
BGD;2015;4.6
BGD;2016;4.6
BGD;2017;4.3
BGR;2007;3.8
BGR;2010;3.9
BGR;2011;3.9
BGR;2012;4.2
BGR;2013;4
BGR;2014;4.4
BGR;2015;4.9
BGR;2016;4.8
BGR;2017;5.1
BHR;2009;5.7
BHR;2010;5.9
BHR;2011;4.8
BHR;2012;5
BHR;2013;6.7
BHR;2014;6.2
BHR;2015;6
BHR;2016;6.2
BHR;2017;6.2
BIH;2007;4.9
BIH;2009;5
BIH;2010;4.7
BIH;2011;5
BIH;2012;4.8
BIH;2013;5.1
BIH;2014;5.2
BIH;2015;5.1
BIH;2016;5.2
BIH;2017;5.1
BLR;2007;5.6
BLR;2008;5.5
BLR;2009;5.6
BLR;2010;5.5
BLR;2011;5.2
BLR;2012;5.7
BLR;2013;5.9
BLR;2014;5.8
BLR;2015;5.7
BLR;2016;5.2
BLR;2017;5.6
BLZ;2007;6.5
BLZ;2014;6
BOL;2007;5.6
BOL;2008;5.3
BOL;2009;6.1
BOL;2010;5.8
BOL;2011;5.8
BOL;2012;6
BOL;2013;5.8
BOL;2014;5.9
BOL;2015;5.8
BOL;2016;5.8
BOL;2017;5.7
BRA;2007;6.3
BRA;2008;6.7
BRA;2009;7
BRA;2010;6.8
BRA;2011;7
BRA;2012;6.7
BRA;2013;7.1
BRA;2014;7
BRA;2015;6.5
BRA;2016;6.4
BRA;2017;6.3
BTN;2013;5.6
BTN;2014;4.9
BTN;2015;5.1
BWA;2008;5.5
BWA;2010;3.6
BWA;2011;3.5
BWA;2012;4.8
BWA;2013;4.1
BWA;2014;4
BWA;2015;3.8
BWA;2016;3.5
BWA;2017;3.5
CAF;2007;4.2
CAF;2010;3.6
CAF;2011;3.7
CAF;2016;2.7
CAF;2017;3.5
CAN;2007;7.5
CAN;2008;7.5
CAN;2009;7.5
CAN;2010;7.7
CAN;2011;7.4
CAN;2012;7.4
CAN;2013;7.6
CAN;2014;7.3
CAN;2015;7.4
CAN;2016;7.2
CAN;2017;7.4
CHE;2009;7.5
CHE;2012;7.8
CHE;2014;7.5
CHE;2015;7.6
CHE;2016;7.5
CHE;2017;7.5
CHL;2007;5.7
CHL;2008;5.8
CHL;2009;6.5
CHL;2010;6.6
CHL;2011;6.5
CHL;2012;6.6
CHL;2013;6.7
CHL;2014;6.8
CHL;2015;6.5
CHL;2016;6.6
CHL;2017;6.3
CHN;2007;4.9
CHN;2008;4.8
CHN;2009;4.5
CHN;2010;4.7
CHN;2011;5
CHN;2012;5.1
CHN;2013;5.2
CHN;2014;5.2
CHN;2015;5.3
CHN;2016;5.3
CHN;2017;5.1
CIV;2009;4.2
CIV;2013;3.7
CIV;2014;3.6
CIV;2015;4.4
CIV;2016;4.5
CIV;2017;5
CMR;2007;4.3
CMR;2008;4.3
CMR;2009;4.7
CMR;2010;4.6
CMR;2011;4.4
CMR;2012;4.2
CMR;2013;4.3
CMR;2014;4.2
CMR;2015;5
CMR;2016;4.8
CMR;2017;5.1
COD;2009;4
COD;2011;4.5
COD;2012;4.6
COD;2013;4.5
COD;2014;4.4
COD;2015;3.9
COD;2016;4.5
COD;2017;4.3
COG;2008;3.8
COG;2011;4.5
COG;2012;3.9
COG;2013;4
COG;2014;4.1
COG;2015;4.7
COG;2016;4.1
COG;2017;4.9
COL;2007;6.1
COL;2008;6.2
COL;2009;6.3
COL;2010;6.4
COL;2011;6.5
COL;2012;6.4
COL;2013;6.6
COL;2014;6.4
COL;2015;6.4
COL;2016;6.2
COL;2017;6.2
COM;2009;3.5
COM;2010;3.8
COM;2011;3.8
COM;2012;4
CRI;2007;7.4
CRI;2008;6.9
CRI;2009;7.6
CRI;2010;7.3
CRI;2011;7.2
CRI;2012;7.3
CRI;2013;7.2
CRI;2014;7.2
CRI;2015;6.9
CRI;2016;7.1
CRI;2017;7.2
CYP;2009;6.8
CYP;2010;6.4
CYP;2011;6.7
CYP;2012;6.2
CYP;2013;5.4
CYP;2014;5.6
CYP;2015;5.4
CYP;2016;5.8
CYP;2017;6.1
CZE;2007;6.5
CZE;2010;6.2
CZE;2011;6.3
CZE;2012;6.3
CZE;2013;6.7
CZE;2014;6.5
CZE;2015;6.6
CZE;2016;6.7
CZE;2017;6.8
DEU;2007;6.4
DEU;2008;6.5
DEU;2009;6.6
DEU;2010;6.7
DEU;2011;6.6
DEU;2012;6.7
DEU;2013;7
DEU;2014;7
DEU;2015;7
DEU;2016;6.9
DEU;2017;7.1
DJI;2008;5
DJI;2009;4.9
DJI;2010;5
DJI;2011;4.4
DNK;2007;7.8
DNK;2008;8
DNK;2009;7.7
DNK;2010;7.8
DNK;2011;7.8
DNK;2012;7.5
DNK;2013;7.6
DNK;2014;7.5
DNK;2015;7.5
DNK;2016;7.6
DNK;2017;7.6
DOM;2007;5.1
DOM;2008;4.8
DOM;2009;5.4
DOM;2010;4.7
DOM;2011;5.4
DOM;2012;4.8
DOM;2013;5
DOM;2014;5.4
DOM;2015;5.1
DOM;2016;5.2
DOM;2017;5.6
DZA;2010;5.5
DZA;2011;5.3
DZA;2012;5.6
DZA;2014;6.4
DZA;2016;5.3
DZA;2017;5.2
ECU;2007;5
ECU;2008;5.3
ECU;2009;6
ECU;2010;5.8
ECU;2011;5.8
ECU;2012;6
ECU;2013;6
ECU;2014;5.9
ECU;2015;6
ECU;2016;6.1
ECU;2017;5.8
EGY;2007;5.5
EGY;2008;4.6
EGY;2009;5.1
EGY;2010;4.7
EGY;2011;4.2
EGY;2012;4.2
EGY;2013;3.6
EGY;2014;4.9
EGY;2015;4.8
EGY;2016;4.6
EGY;2017;3.9
ESP;2007;7
ESP;2008;7.3
ESP;2009;6.2
ESP;2010;6.2
ESP;2011;6.5
ESP;2012;6.3
ESP;2013;6.2
ESP;2014;6.5
ESP;2015;6.4
ESP;2016;6.3
ESP;2017;6.2
EST;2007;5.3
EST;2008;5.5
EST;2009;5.1
EST;2011;5.5
EST;2012;5.4
EST;2013;5.4
EST;2014;5.6
EST;2015;5.6
EST;2016;5.6
EST;2017;5.9
ETH;2012;4.6
ETH;2013;4.4
ETH;2014;4.5
ETH;2015;4.6
ETH;2016;4.3
ETH;2017;4.2
FIN;2008;7.7
FIN;2010;7.4
FIN;2011;7.4
FIN;2012;7.4
FIN;2013;7.4
FIN;2014;7.4
FIN;2015;7.4
FIN;2016;7.7
FIN;2017;7.8
FRA;2008;7
FRA;2009;6.3
FRA;2010;6.8
FRA;2011;7
FRA;2012;6.6
FRA;2013;6.7
FRA;2014;6.5
FRA;2015;6.4
FRA;2016;6.5
FRA;2017;6.6
GAB;2011;4.3
GAB;2012;4
GAB;2013;3.8
GAB;2014;3.9
GAB;2015;4.7
GAB;2016;4.8
GAB;2017;4.8
GBR;2007;6.8
GBR;2008;7
GBR;2009;6.9
GBR;2010;7
GBR;2011;6.9
GBR;2012;6.9
GBR;2013;6.9
GBR;2014;6.8
GBR;2015;6.5
GBR;2016;6.8
GBR;2017;7.1
GEO;2007;3.7
GEO;2008;4.2
GEO;2009;3.8
GEO;2010;4.1
GEO;2011;4.2
GEO;2012;4.3
GEO;2013;4.3
GEO;2014;4.3
GEO;2015;4.1
GEO;2016;4.4
GEO;2017;4.5
GHA;2007;5.2
GHA;2008;5
GHA;2009;4.2
GHA;2010;4.6
GHA;2011;5.6
GHA;2012;5.1
GHA;2013;5
GHA;2014;3.9
GHA;2015;4
GHA;2016;4.5
GHA;2017;5.5
GIN;2011;4
GIN;2012;3.7
GIN;2013;3.9
GIN;2014;3.4
GIN;2015;3.5
GIN;2016;3.6
GIN;2017;4.9
GMB;2017;4.1
GRC;2007;6.6
GRC;2009;6
GRC;2010;5.8
GRC;2011;5.4
GRC;2012;5.1
GRC;2013;4.7
GRC;2014;4.8
GRC;2015;5.6
GRC;2016;5.3
GRC;2017;5.1
GTM;2007;6.3
GTM;2008;6.4
GTM;2009;6.5
GTM;2010;6.3
GTM;2011;5.7
GTM;2012;5.9
GTM;2013;6
GTM;2014;6.5
GTM;2015;6.5
GTM;2016;6.4
GTM;2017;6.3
GUY;2007;6
HKG;2008;5.1
HKG;2009;5.4
HKG;2010;5.6
HKG;2011;5.5
HKG;2012;5.5
HKG;2014;5.5
HKG;2016;5.5
HKG;2017;5.4
HND;2007;5.1
HND;2008;5.4
HND;2009;6
HND;2010;5.9
HND;2011;5
HND;2012;4.6
HND;2013;4.7
HND;2014;5.1
HND;2015;4.8
HND;2016;5.6
HND;2017;6
HRV;2007;5.8
HRV;2009;5.4
HRV;2010;5.6
HRV;2011;5.4
HRV;2012;6
HRV;2013;5.9
HRV;2014;5.4
HRV;2015;5.2
HRV;2016;5.4
HRV;2017;5.3
HTI;2008;3.8
HTI;2010;3.8
HTI;2011;4.8
HTI;2012;4.4
HTI;2013;4.6
HTI;2014;3.9
HTI;2015;3.6
HTI;2016;3.4
HTI;2017;3.8
HUN;2007;5
HUN;2009;4.9
HUN;2010;4.7
HUN;2011;4.9
HUN;2012;4.7
HUN;2013;4.9
HUN;2014;5.2
HUN;2015;5.3
HUN;2016;5.4
HUN;2017;6.1
IDN;2007;5.1
IDN;2008;4.8
IDN;2009;5.5
IDN;2010;5.5
IDN;2011;5.2
IDN;2012;5.4
IDN;2013;5.3
IDN;2014;5.6
IDN;2015;5
IDN;2016;5.1
IDN;2017;5.1
IND;2007;5
IND;2008;5.1
IND;2009;4.5
IND;2010;5
IND;2011;4.6
IND;2012;4.7
IND;2013;4.4
IND;2014;4.4
IND;2015;4.3
IND;2016;4.2
IND;2017;4
IRL;2008;7.6
IRL;2009;7
IRL;2010;7.3
IRL;2011;7
IRL;2012;7
IRL;2013;6.8
IRL;2014;7
IRL;2015;6.8
IRL;2016;7
IRL;2017;7.1
IRN;2007;5.3
IRN;2008;5.1
IRN;2011;4.8
IRN;2012;4.6
IRN;2013;5.1
IRN;2014;4.7
IRN;2015;4.7
IRN;2016;4.7
IRN;2017;4.7
IRQ;2008;4.6
IRQ;2009;4.8
IRQ;2010;5.1
IRQ;2011;4.7
IRQ;2012;4.7
IRQ;2013;4.7
IRQ;2014;4.5
IRQ;2015;4.5
IRQ;2016;4.4
IRQ;2017;4.5
ISL;2008;6.9
ISL;2012;7.6
ISL;2013;7.5
ISL;2015;7.5
ISL;2016;7.5
ISL;2017;7.5
ISR;2007;6.8
ISR;2008;7.3
ISR;2009;7.4
ISR;2010;7.4
ISR;2011;7.4
ISR;2012;7.1
ISR;2013;7.3
ISR;2014;7.4
ISR;2015;7.1
ISR;2016;7.2
ISR;2017;7.3
ITA;2007;6.6
ITA;2008;6.8
ITA;2009;6.3
ITA;2010;6.4
ITA;2011;6.1
ITA;2012;5.8
ITA;2013;6
ITA;2014;6
ITA;2015;5.8
ITA;2016;6
ITA;2017;6.2
JAM;2011;5.4
JAM;2013;5.7
JAM;2014;5.3
JAM;2017;5.9
JOR;2007;5.6
JOR;2008;4.9
JOR;2009;6
JOR;2010;5.6
JOR;2011;5.5
JOR;2012;5.1
JOR;2013;5.2
JOR;2014;5.3
JOR;2015;5.4
JOR;2016;5.3
JOR;2017;4.8
JPN;2007;6.2
JPN;2008;5.9
JPN;2009;5.8
JPN;2010;6.1
JPN;2011;6.3
JPN;2012;6
JPN;2013;6
JPN;2014;5.9
JPN;2015;5.9
JPN;2016;6
JPN;2017;5.9
KAZ;2007;5.7
KAZ;2008;5.9
KAZ;2009;5.4
KAZ;2010;5.5
KAZ;2011;5.7
KAZ;2012;5.8
KAZ;2013;5.8
KAZ;2014;6
KAZ;2015;5.9
KAZ;2016;5.5
KAZ;2017;5.9
KEN;2007;4.6
KEN;2008;4
KEN;2009;4.3
KEN;2010;4.3
KEN;2011;4.4
KEN;2012;4.5
KEN;2013;3.8
KEN;2014;4.9
KEN;2015;4.4
KEN;2016;4.4
KEN;2017;4.5
KGZ;2007;4.7
KGZ;2008;4.7
KGZ;2009;5.1
KGZ;2010;5
KGZ;2011;4.9
KGZ;2012;5.2
KGZ;2013;5.4
KGZ;2014;5.3
KGZ;2015;4.9
KGZ;2016;4.9
KGZ;2017;5.6
KHM;2007;4.2
KHM;2008;4.5
KHM;2009;4.1
KHM;2010;4.1
KHM;2011;4.2
KHM;2012;3.9
KHM;2013;3.7
KHM;2014;3.9
KHM;2015;4.2
KHM;2016;4.5
KHM;2017;4.6
KOR;2007;5.8
KOR;2008;5.4
KOR;2009;5.6
KOR;2010;6.1
KOR;2011;6.9
KOR;2012;6
KOR;2013;6
KOR;2014;5.8
KOR;2015;5.8
KOR;2016;6
KOR;2017;5.9
KWT;2009;6.6
KWT;2010;6.8
KWT;2011;6.4
KWT;2012;6.2
KWT;2013;6.5
KWT;2014;6.2
KWT;2015;6.1
KWT;2016;5.9
KWT;2017;6.1
LAO;2007;5.4
LAO;2008;5
LAO;2011;4.7
LAO;2012;4.9
LAO;2017;4.6
LBN;2008;4.6
LBN;2009;5.2
LBN;2010;5
LBN;2011;5.2
LBN;2012;4.6
LBN;2013;5
LBN;2014;5.2
LBN;2015;5.2
LBN;2016;5.3
LBN;2017;5.2
LBR;2007;3.7
LBR;2008;4.2
LBR;2010;4.2
LBR;2014;4.6
LBR;2015;2.7
LBR;2016;3.4
LBR;2017;4.4
LBY;2012;5.8
LBY;2015;5.6
LBY;2016;5.4
LBY;2017;5.6
LKA;2007;4.4
LKA;2008;4.4
LKA;2009;4.2
LKA;2010;4
LKA;2011;4.2
LKA;2012;4.2
LKA;2013;4.4
LKA;2014;4.3
LKA;2015;4.6
LKA;2017;4.3
LSO;2011;4.9
LSO;2016;3.8
LSO;2017;3.8
LTU;2007;5.8
LTU;2008;5.6
LTU;2009;5.5
LTU;2010;5.1
LTU;2011;5.4
LTU;2012;5.8
LTU;2013;5.6
LTU;2014;6.1
LTU;2015;5.7
LTU;2016;5.9
LTU;2017;6.3
LUX;2009;7
LUX;2010;7.1
LUX;2011;7.1
LUX;2012;7
LUX;2013;7.1
LUX;2014;6.9
LUX;2015;6.7
LUX;2016;7
LUX;2017;7.1
LVA;2007;4.7
LVA;2008;5.1
LVA;2009;4.7
LVA;2011;5
LVA;2012;5.1
LVA;2013;5.1
LVA;2014;5.7
LVA;2015;5.9
LVA;2016;5.9
LVA;2017;6
MAR;2010;4.4
MAR;2011;5.1
MAR;2012;5
MAR;2013;5.1
MAR;2015;5.2
MAR;2016;5.4
MAR;2017;5.3
MDA;2007;4.8
MDA;2008;5.5
MDA;2009;5.6
MDA;2010;5.6
MDA;2011;5.8
MDA;2012;6
MDA;2013;5.8
MDA;2014;5.9
MDA;2015;6
MDA;2016;5.6
MDA;2017;5.3
MDG;2008;4.6
MDG;2011;4.4
MDG;2012;3.6
MDG;2013;3.8
MDG;2014;3.7
MDG;2015;3.6
MDG;2016;3.7
MDG;2017;4.1
MEX;2007;6.5
MEX;2008;6.8
MEX;2009;7
MEX;2010;6.8
MEX;2011;6.9
MEX;2012;7.3
MEX;2013;7.4
MEX;2014;6.7
MEX;2015;6.2
MEX;2016;6.8
MEX;2017;6.4
MKD;2007;4.5
MKD;2009;4.4
MKD;2010;4.2
MKD;2011;4.9
MKD;2012;4.6
MKD;2013;5.2
MKD;2014;5.2
MKD;2015;5
MKD;2016;5.3
MKD;2017;5.2
MLI;2008;4.1
MLI;2009;4
MLI;2010;3.8
MLI;2011;4.7
MLI;2012;4.3
MLI;2013;3.7
MLI;2014;4
MLI;2015;4.6
MLI;2016;4
MLI;2017;4.7
MLT;2009;6.3
MLT;2010;5.8
MLT;2011;6.2
MLT;2012;6
MLT;2013;6.4
MLT;2014;6.5
MLT;2015;6.6
MLT;2016;6.6
MLT;2017;6.7
MMR;2012;4.4
MMR;2013;4.2
MMR;2014;4.8
MMR;2015;4.2
MMR;2016;4.6
MMR;2017;4.2
MNE;2007;5.2
MNE;2009;4.8
MNE;2010;5.5
MNE;2011;5.2
MNE;2012;5.2
MNE;2013;5.1
MNE;2014;5.3
MNE;2015;5.1
MNE;2016;5.3
MNE;2017;5.6
MNG;2007;4.6
MNG;2008;4.5
MNG;2010;4.6
MNG;2011;5
MNG;2012;4.9
MNG;2013;4.9
MNG;2014;4.8
MNG;2015;5
MNG;2016;5.1
MNG;2017;5.3
MOZ;2007;4.8
MOZ;2008;4.7
MOZ;2011;5
MOZ;2015;4.5
MOZ;2017;4.3
MRT;2007;4.1
MRT;2008;4.2
MRT;2009;4.5
MRT;2010;4.8
MRT;2011;4.8
MRT;2012;4.7
MRT;2013;4.2
MRT;2014;4.5
MRT;2015;3.9
MRT;2016;4.5
MRT;2017;4.7
MUS;2011;5.5
MUS;2014;5.6
MUS;2016;5.6
MUS;2017;6.2
MWI;2007;4.9
MWI;2009;5.1
MWI;2011;3.9
MWI;2012;4.3
MWI;2013;4
MWI;2014;4.6
MWI;2015;3.9
MWI;2016;3.5
MWI;2017;3.4
MYS;2007;6.2
MYS;2008;5.8
MYS;2009;5.4
MYS;2010;5.6
MYS;2011;5.8
MYS;2012;5.9
MYS;2013;5.8
MYS;2014;6
MYS;2015;6.3
NAM;2007;4.9
NAM;2014;4.6
NAM;2017;4.4
NER;2007;4.3
NER;2008;4.2
NER;2009;4.3
NER;2010;4.1
NER;2011;4.6
NER;2012;3.8
NER;2013;3.7
NER;2014;4.2
NER;2015;3.7
NER;2016;4.2
NER;2017;4.6
NGA;2007;4.9
NGA;2008;4.9
NGA;2009;5
NGA;2010;4.8
NGA;2012;5.5
NGA;2013;4.8
NGA;2015;4.9
NGA;2016;5.2
NGA;2017;5.3
NIC;2007;4.9
NIC;2008;5.1
NIC;2009;5.4
NIC;2010;5.7
NIC;2011;5.4
NIC;2012;5.4
NIC;2013;5.8
NIC;2014;6.3
NIC;2015;5.9
NIC;2016;6
NIC;2017;6.5
NLD;2007;7.5
NLD;2008;7.6
NLD;2010;7.5
NLD;2011;7.6
NLD;2012;7.5
NLD;2013;7.4
NLD;2014;7.3
NLD;2015;7.3
NLD;2016;7.5
NLD;2017;7.5
NOR;2008;7.6
NOR;2012;7.7
NOR;2014;7.4
NOR;2015;7.6
NOR;2016;7.6
NOR;2017;7.6
NPL;2007;4.7
NPL;2008;4.4
NPL;2009;4.9
NPL;2010;4.3
NPL;2011;3.8
NPL;2012;4.2
NPL;2013;4.6
NPL;2014;5
NPL;2015;4.8
NPL;2016;5.1
NPL;2017;4.7
NZL;2007;7.6
NZL;2008;7.4
NZL;2010;7.2
NZL;2011;7.2
NZL;2012;7.2
NZL;2013;7.3
NZL;2014;7.3
NZL;2015;7.4
NZL;2016;7.2
NZL;2017;7.3
OMN;2011;6.9
OWI;2012;5.5
OWI;2013;5.6
OWI;2014;5.8
OWI;2015;5.8
OWI;2016;5.8
OWI;2007;5.1
OWI;2008;5.5
OWI;2009;5.9
OWI;2010;5.2
OWI;2011;4.9
OWI;2012;5.6
OWI;2013;6.1
OWI;2014;5
OWI;2015;5.1
OWI;2016;5.8
OWI;2017;6.1
PAK;2007;5.7
PAK;2008;4.4
PAK;2009;5.2
PAK;2010;5.8
PAK;2011;5.3
PAK;2012;5.1
PAK;2013;5.1
PAK;2014;5.4
PAK;2015;4.8
PAK;2016;5.5
PAK;2017;5.8
PAN;2007;6.9
PAN;2008;6.9
PAN;2009;7
PAN;2010;7.3
PAN;2011;7.2
PAN;2012;6.9
PAN;2013;6.9
PAN;2014;6.6
PAN;2015;6.6
PAN;2016;6.1
PAN;2017;6.6
PER;2007;5.2
PER;2008;5.1
PER;2009;5.5
PER;2010;5.6
PER;2011;5.9
PER;2012;5.8
PER;2013;5.8
PER;2014;5.9
PER;2015;5.6
PER;2016;5.7
PER;2017;5.7
PHL;2007;5.1
PHL;2008;4.6
PHL;2009;4.9
PHL;2010;4.9
PHL;2011;5
PHL;2012;5
PHL;2013;5
PHL;2014;5.3
PHL;2015;5.5
PHL;2016;5.4
PHL;2017;5.6
POL;2007;5.9
POL;2009;5.8
POL;2010;5.9
POL;2011;5.6
POL;2012;5.9
POL;2013;5.7
POL;2014;5.8
POL;2015;6
POL;2016;6.2
POL;2017;6.2
PRT;2008;5.7
PRT;2010;5.1
PRT;2011;5.2
PRT;2012;5
PRT;2013;5.2
PRT;2014;5.1
PRT;2015;5.1
PRT;2016;5.4
PRT;2017;5.7
PRY;2007;5.3
PRY;2008;5.6
PRY;2009;5.6
PRY;2010;5.8
PRY;2011;5.7
PRY;2012;5.8
PRY;2013;5.9
PRY;2014;5.1
PRY;2015;5.6
PRY;2016;5.8
PRY;2017;5.7
PSE;2007;4.2
PSE;2008;4.4
PSE;2009;4.5
PSE;2010;4.7
PSE;2011;4.8
PSE;2012;4.6
PSE;2013;4.8
PSE;2014;4.7
PSE;2015;4.7
PSE;2016;4.9
PSE;2017;4.6
QAT;2009;6.4
QAT;2010;6.8
QAT;2011;6.6
QAT;2012;6.6
QAT;2015;6.4
ROU;2007;5.4
ROU;2009;5.4
ROU;2010;4.9
ROU;2011;5
ROU;2012;5.2
ROU;2013;5.1
ROU;2014;5.7
ROU;2015;5.8
ROU;2016;6
ROU;2017;6.1
RUS;2007;5.2
RUS;2008;5.6
RUS;2009;5.2
RUS;2010;5.4
RUS;2011;5.4
RUS;2012;5.6
RUS;2013;5.5
RUS;2014;6
RUS;2015;6
RUS;2016;5.9
RUS;2017;5.6
RWA;2008;4.4
RWA;2009;4
RWA;2011;4.1
RWA;2012;3.3
RWA;2013;3.5
RWA;2014;3.6
RWA;2015;3.5
RWA;2016;3.3
RWA;2017;3.1
SAU;2007;7.3
SAU;2008;6.8
SAU;2009;6.1
SAU;2010;6.3
SAU;2011;6.7
SAU;2012;6.4
SAU;2013;6.5
SAU;2014;6.3
SAU;2015;6.3
SAU;2016;6.5
SAU;2017;6.3
SDN;2009;4.5
SDN;2010;4.4
SDN;2011;4.3
SDN;2012;4.6
SDN;2014;4.1
SEN;2007;4.7
SEN;2008;4.7
SEN;2009;4.3
SEN;2010;4.4
SEN;2011;3.8
SEN;2012;3.7
SEN;2013;3.6
SEN;2014;4.4
SEN;2015;4.6
SEN;2016;4.6
SEN;2017;4.7
SGP;2007;6.8
SGP;2008;6.6
SGP;2009;6.1
SGP;2010;6.5
SGP;2011;6.6
SGP;2013;6.5
SGP;2014;7.1
SGP;2015;6.6
SGP;2016;6
SGP;2017;6.4
SLE;2007;3.6
SLE;2008;3
SLE;2010;4.1
SLE;2011;4.5
SLE;2013;4.5
SLE;2014;4.5
SLE;2015;4.9
SLE;2016;4.7
SLE;2017;4.1
SLV;2007;5.3
SLV;2008;5.2
SLV;2009;6.8
SLV;2010;6.7
SLV;2011;4.7
SLV;2012;5.9
SLV;2013;6.3
SLV;2014;5.9
SLV;2015;6
SLV;2016;6.1
SLV;2017;6.3
SOM;2009;5
SOM;2010;4.7
SOM;2011;4.9
SOM;2012;5.1
SOM;2014;5.5
SOM;2015;5.4
SOM;2016;4.7
SRB;2007;4.8
SRB;2009;4.4
SRB;2010;4.5
SRB;2011;4.8
SRB;2012;5.2
SRB;2013;5.1
SRB;2014;5.1
SRB;2015;5.3
SRB;2016;5.8
SRB;2017;5.1
SSD;2014;3.8
SSD;2015;4.1
SSD;2016;2.9
SSD;2017;2.8
SUR;2012;6.3
SVK;2010;6.1
SVK;2011;5.9
SVK;2012;5.9
SVK;2013;5.9
SVK;2014;6.1
SVK;2015;6.2
SVK;2016;6
SVK;2017;6.4
SVN;2009;5.8
SVN;2010;6.1
SVN;2011;6
SVN;2012;6.1
SVN;2013;6
SVN;2014;5.7
SVN;2015;5.7
SVN;2016;5.9
SVN;2017;6.2
SWE;2007;7.2
SWE;2008;7.5
SWE;2009;7.3
SWE;2010;7.5
SWE;2011;7.4
SWE;2012;7.6
SWE;2013;7.4
SWE;2014;7.2
SWE;2015;7.3
SWE;2016;7.4
SWE;2017;7.3
SWZ;2011;4.9
SYR;2008;5.3
SYR;2009;5
SYR;2010;4.5
SYR;2011;4
SYR;2012;3.2
SYR;2013;2.7
SYR;2015;3.5
TCD;2007;4.1
TCD;2008;4.6
TCD;2009;3.6
TCD;2010;3.7
TCD;2011;4.4
TCD;2012;4
TCD;2013;3.5
TCD;2014;3.5
TCD;2015;4.3
TCD;2016;4
TCD;2017;4.6
TGO;2008;2.8
TGO;2011;2.9
TGO;2014;2.8
TGO;2015;3.8
TGO;2016;3.9
TGO;2017;4.4
THA;2007;5.8
THA;2008;5.6
THA;2009;5.5
THA;2010;6.2
THA;2011;6.7
THA;2012;6.3
THA;2013;6.2
THA;2014;7
THA;2015;6.2
THA;2016;6.1
THA;2017;5.9
TJK;2007;4.4
TJK;2008;5.1
TJK;2009;4.6
TJK;2010;4.4
TJK;2011;4.3
TJK;2012;4.5
TJK;2013;5
TJK;2014;4.9
TJK;2015;5.1
TJK;2016;5.1
TJK;2017;5.8
TKM;2009;6.6
TKM;2011;5.8
TKM;2012;5.5
TKM;2013;5.4
TKM;2014;5.8
TKM;2015;5.8
TKM;2016;5.9
TKM;2017;5.2
TTO;2008;6.7
TTO;2011;6.5
TTO;2013;6.2
TTO;2017;6.2
TUN;2009;5
TUN;2010;5.1
TUN;2011;4.9
TUN;2012;4.5
TUN;2013;5.2
TUN;2014;4.8
TUN;2015;5.1
TUN;2016;4.5
TUN;2017;4.1
TUR;2007;5.6
TUR;2008;5.1
TUR;2009;5.2
TUR;2010;5.5
TUR;2011;5.3
TUR;2012;5.3
TUR;2013;4.9
TUR;2014;5.6
TUR;2015;5.5
TUR;2016;5.3
TUR;2017;5.6
TWN;2008;5.5
TWN;2010;6.2
TWN;2011;6.3
TWN;2012;6.1
TWN;2013;6.3
TWN;2014;6.4
TWN;2015;6.5
TWN;2016;6.5
TWN;2017;6.4
TZA;2007;4.3
TZA;2008;4.4
TZA;2009;3.4
TZA;2010;3.2
TZA;2011;4.1
TZA;2012;4
TZA;2013;3.9
TZA;2014;3.5
TZA;2015;3.7
TZA;2016;2.9
TZA;2017;3.3
UGA;2007;4.5
UGA;2008;4.6
UGA;2009;4.6
UGA;2010;4.2
UGA;2011;4.8
UGA;2012;4.3
UGA;2013;3.7
UGA;2014;3.8
UGA;2015;4.2
UGA;2016;4.2
UGA;2017;4
UKR;2007;5.3
UKR;2008;5.2
UKR;2009;5.2
UKR;2010;5.1
UKR;2011;5.1
UKR;2012;5
UKR;2013;4.7
UKR;2014;4.3
UKR;2015;4
UKR;2016;4
UKR;2017;4.3
URY;2007;5.7
URY;2008;5.7
URY;2009;6.3
URY;2010;6.1
URY;2011;6.6
URY;2012;6.4
URY;2013;6.4
URY;2014;6.6
URY;2015;6.6
URY;2016;6.2
URY;2017;6.3
USA;2007;7.5
USA;2008;7.3
USA;2009;7.2
USA;2010;7.2
USA;2011;7.1
USA;2012;7
USA;2013;7.2
USA;2014;7.2
USA;2015;6.9
USA;2016;6.8
USA;2017;7
UZB;2008;5.3
UZB;2009;5.3
UZB;2010;5.1
UZB;2011;5.7
UZB;2012;6
UZB;2013;5.9
UZB;2014;6
UZB;2015;6
UZB;2016;5.9
UZB;2017;6.4
VEN;2008;6.3
VEN;2009;7.2
VEN;2010;7.5
VEN;2011;6.6
VEN;2012;7.1
VEN;2013;6.6
VEN;2014;6.1
VEN;2015;5.6
VEN;2016;4
VEN;2017;5.1
VNM;2007;5.4
VNM;2008;5.5
VNM;2009;5.3
VNM;2010;5.3
VNM;2011;5.8
VNM;2012;5.5
VNM;2013;5
VNM;2014;5.1
VNM;2015;5.1
VNM;2016;5.1
VNM;2017;5.2
YEM;2007;4.5
YEM;2009;4.8
YEM;2010;4.4
YEM;2011;3.7
YEM;2012;4.1
YEM;2013;4.2
YEM;2014;4
YEM;2015;3
YEM;2016;3.8
YEM;2017;3.3
ZAF;2007;5.2
ZAF;2008;5.3
ZAF;2009;5.2
ZAF;2010;4.7
ZAF;2011;4.9
ZAF;2012;5.1
ZAF;2013;3.7
ZAF;2014;4.8
ZAF;2015;4.9
ZAF;2016;4.8
ZAF;2017;4.5
ZMB;2007;4
ZMB;2008;4.7
ZMB;2009;5.3
ZMB;2011;5
ZMB;2012;5
ZMB;2013;5.2
ZMB;2014;4.3
ZMB;2015;4.8
ZMB;2016;4.3
ZMB;2017;3.9
ZWE;2007;3.3
ZWE;2008;3.2
ZWE;2009;4.1
ZWE;2010;4.7
ZWE;2011;4.8
ZWE;2012;5
ZWE;2013;4.7
ZWE;2014;4.2
ZWE;2015;3.7
ZWE;2016;3.7
ZWE;2017;3.6
