LOCATION,TIME,Average Wages,Hours worked,Education,Pollution,GDP,Happiness,Social spending,Employment rate,Alcohol,Smokers,Cancer,Suicide,LifeAtOld,LifeAtBirth,Obese
AFG,2008,,,,,,3.7,,,,,,,,,
AFG,2009,,,,,,4.4,,,,,,,,,
AFG,2010,,100.0,,,,4.8,,,,,,,,,
AFG,2011,,100.0,,,,3.8,,,,,,,,,
AFG,2012,,100.0,,,,3.8,,,,,,,,,
AFG,2013,,100.0,,,,3.6,,,,,,,,,
AFG,2014,,100.0,,,,3.1,,,,,,,,,
AFG,2015,,100.0,,,,4.0,,,,,,,,,
AFG,2016,,100.0,,,,4.2,,,,,,,,,
AFG,2017,,100.0,,,,2.7,,,,,,,,,
AGO,2010,,100.0,,,,,,,,,,,,,
AGO,2011,,100.0,,,,5.6,,,,,,,,,
AGO,2012,,100.0,,,,4.4,,,,,,,,,
AGO,2013,,100.0,,,,3.9,,,,,,,,,
AGO,2014,,100.0,,,,3.8,,,,,,,,,
AGO,2015,,100.0,,,,,,,,,,,,,
AGO,2016,,100.0,,,,,,,,,,,,,
AGO,2017,,100.0,,,,,,,,,,,,,
ALB,2007,,,,,,4.6,,,,,,,,,
ALB,2009,,,,,,5.5,,,,,,,,,
ALB,2010,,99.0,,,,5.3,,,,,,,,,
ALB,2011,,99.0,,,,5.9,,,,,,,,,
ALB,2012,,99.0,,,,5.5,,,,,,,,,
ALB,2013,,99.0,,,,4.6,,,,,,,,,
ALB,2014,,99.0,,,,4.8,,,,,,,,,
ALB,2015,,99.0,,,,4.6,,,,,,,,,
ALB,2016,,99.0,,,,4.5,,,,,,,,,
ALB,2017,,99.0,,,,4.6,,,,,,,,,
ARE,2009,,,,,,6.9,,,,,,,,,
ARE,2010,,99.4,,,,7.1,,,,,,,,,
ARE,2011,,99.4,,,,7.1,,,,,,,,,
ARE,2012,,99.4,,,,7.2,,,,,,,,,
ARE,2013,,99.4,,,,6.6,,,,,,,,,
ARE,2014,,99.4,,,,6.5,,,,,,,,,
ARE,2015,,99.4,,,,6.6,,,,,,,,,
ARE,2016,,99.4,,,,6.8,,,,,,,,,
ARE,2017,,99.4,,,,7.0,,,,,,,,,
ARG,2007,,,,,17128.8,6.1,,,,,,,,,
ARG,2008,35.2,,,,17995.0,6.0,,,,,,,,,
ARG,2009,35.7,,,,16893.6,6.4,,,,,,,,,
ARG,2010,,99.5,,,18529.3,6.4,,,,,,,,,
ARG,2011,37.0,99.5,,,19817.5,6.8,,,,,,,,,
ARG,2012,38.0,99.3,,,19749.5,6.5,,,,,,,,,
ARG,2013,38.3,99.0,,,20322.5,6.6,,,,,,,,,
ARG,2014,38.2,98.4,,,19946.9,6.7,,,,,,,,,
ARG,2015,,98.3,,,20491.8,6.7,,,,,,,,,
ARG,2016,,96.0,,,20257.8,6.4,,,,,,,,,
ARG,2017,40.1,96.0,,,21064.2,6.0,,,,,,,,,
ARM,2007,,,,,,4.9,,,,,,,,,
ARM,2008,,,,,,4.7,,,,,,,,,
ARM,2009,,,,,,4.2,,,,,,,,,
ARM,2010,,100.0,,,,4.4,,,,,,,,,
ARM,2011,,100.0,,,,4.3,,,,,,,,,
ARM,2012,,100.0,,,,4.3,,,,,,,,,
ARM,2013,,100.0,,,,4.3,,,,,,,,,
ARM,2014,,100.0,,,,4.5,,,,,,,,,
ARM,2015,,100.0,,,,4.3,,,,,,,,,
ARM,2016,,100.0,,,,4.3,,,,,,,,,
ARM,2017,,100.0,,,,4.3,,,,,,,,,
AUS,2007,34.4,,50565.4,1722.6,39612.9,7.3,6612.4,72.8,10.8,16.9,203.0,10.6,20.1,81.4,61.2
AUS,2007,34.4,,50565.4,1722.6,39612.9,7.3,6612.4,72.8,10.8,16.9,203.0,10.6,20.1,81.4,56.0
AUS,2008,33.8,,50973.2,1720.9,40094.8,7.3,7097.9,73.2,10.6,,207.9,10.9,20.1,81.5,
AUS,2009,34.1,,50511.0,1692.3,41613.6,,7066.6,72.1,10.5,,200.8,10.7,20.2,81.6,
AUS,2010,35.6,34.1,52253.0,1699.9,42812.1,7.5,6997.0,72.4,10.3,15.4,201.8,10.9,20.4,81.8,
AUS,2011,35.7,37.6,53905.8,1699.9,44419.3,7.4,7342.4,72.7,10.0,,199.6,10.7,20.6,82.0,63.4
AUS,2012,35.2,31.7,54226.2,1692.5,43879.2,7.2,7514.1,72.3,9.9,,193.1,11.4,20.6,82.1,
AUS,2013,36.2,29.7,53977.4,1689.4,47761.2,7.4,7744.2,72.0,9.8,13.0,192.3,11.3,20.6,82.2,
AUS,2014,35.2,28.3,54391.8,1683.3,47638.6,7.3,8095.5,71.6,9.5,,187.8,12.5,20.8,82.4,63.4
AUS,2015,36.1,27.4,53946.3,1683.5,47351.0,7.3,8328.1,72.2,9.7,,190.4,12.9,20.9,82.5,
AUS,2016,36.2,26.0,53971.6,1673.4,50262.6,7.3,8029.1,72.4,9.4,12.4,185.0,11.9,20.9,82.5,
AUS,2017,35.6,26.0,53507.3,1674.9,51993.8,7.3,,73.0,,,,,21,82.6,65.2
AUS,2017,35.6,26.0,53507.3,1674.9,51993.8,7.3,,73.0,,,,,21,82.6,47.6
AUT,2007,54.8,,48644.6,1612.0,39394.0,,10695.2,69.9,12.9,,207.1,14.6,19.2,80.3,
AUT,2008,54.7,,49509.4,1605.0,41316.0,7.2,11001.9,70.8,12.4,,212.0,14.1,19.4,80.5,
AUT,2009,54.7,,50312.2,1564.0,40935.5,,11370.2,70.3,12.1,,206.8,14.1,19.4,80.4,
AUT,2010,54.6,98.8,50096.7,1557.0,42017.8,7.3,11592.2,70.8,12.5,,204.0,13.9,19.6,80.7,
AUT,2011,54.4,99.4,49578.9,1562.0,44469.2,7.5,11538.8,71.1,12.2,,202.9,14.1,19.9,81.1,
AUT,2012,54.2,98.0,49835.1,1540.0,46477.7,7.4,11723.2,71.4,12.4,,201.9,13.7,19.7,81.0,
AUT,2013,53.2,96.7,49896.5,1525.0,47936.7,7.5,11829.5,71.4,12.0,,197.1,13.6,19.9,81.2,
AUT,2014,54.0,95.1,50082.8,1516.0,48813.5,6.9,11930.0,71.1,12.4,24.3,197.2,13.9,20.1,81.6,46.7
AUT,2015,54.1,93.0,50373.8,1500.0,49955.5,7.1,11926.1,71.1,11.6,,192.1,12.9,19.7,81.3,
AUT,2016,53.1,87.0,50906.0,1512.0,51790.9,7.0,,71.5,11.8,,187.3,12.2,20.1,81.7,
AUT,2017,52.6,87.0,50851.4,1511.0,53952.3,7.3,,72.2,,,184.7,12.4,20,81.7,
AZE,2007,,,,,,4.6,,,,,,,,,
AZE,2008,,,,,,4.8,,,,,,,,,
AZE,2009,,,,,,4.6,,,,,,,,,
AZE,2010,,99.9,,,,4.2,,,,,,,,,
AZE,2011,,99.9,,,,4.7,,,,,,,,,
AZE,2012,,99.9,,,,4.9,,,,,,,,,
AZE,2013,,99.9,,,,5.5,,,,,,,,,
AZE,2014,,99.9,,,,5.3,,,,,,,,,
AZE,2015,,99.9,,,,5.1,,,,,,,,,
AZE,2016,,99.9,,,,5.3,,,,,,,,,
AZE,2017,,99.9,,,,5.2,,,,,,,,,
BDI,2008,,,,,,3.6,,,,,,,,,
BDI,2009,,,,,,3.8,,,,,,,,,
BDI,2010,,100.0,,,,,,,,,,,,,
BDI,2011,,100.0,,,,3.7,,,,,,,,,
BDI,2012,,100.0,,,,,,,,,,,,,
BDI,2013,,100.0,,,,,,,,,,,,,
BDI,2014,,100.0,,,,2.9,,,,,,,,,
BDI,2015,,100.0,,,,,,,,,,,,,
BDI,2016,,100.0,,,,,,,,,,,,,
BDI,2017,,100.0,,,,,,,,,,,,,
BEL,2007,35.9,,50575.4,1577.0,36871.6,7.2,10108.8,62.0,10.3,,220.5,16.7,19.1,79.9,
BEL,2008,37.3,,50725.0,1570.0,38133.4,7.1,10663.7,62.4,10.5,20.5,222.0,17.9,19.1,79.8,47.5
BEL,2009,37.2,,51159.3,1548.0,38010.5,,11244.1,61.6,10.1,,216.4,17.9,19.4,80.1,
BEL,2010,35.5,99.6,50872.5,1546.0,40050.4,6.9,11338.9,62.0,10.3,,217.1,17.8,19.4,80.3,
BEL,2011,36.7,99.5,51204.9,1560.0,41450.4,7.1,11621.0,61.9,10.1,,213.6,18.1,19.8,80.7,
BEL,2012,36.3,98.7,51550.6,1560.0,42585.2,6.9,11551.8,61.8,10.1,,207.0,17.4,19.5,80.5,
BEL,2013,37.2,97.8,52221.6,1558.0,43746.0,7.1,11727.6,61.8,10.3,18.9,205.0,16.2,19.6,80.7,48.1
BEL,2014,36.7,95.8,52514.3,1545.0,44720.5,6.9,11915.6,61.9,10.6,,199.4,16.1,20.1,81.4,51.0
BEL,2015,37.8,96.3,52120.1,1545.0,45739.2,6.9,11917.4,61.8,10.4,,197.5,15.8,19.9,81.1,
BEL,2016,37.6,93.3,51951.7,1545.0,47366.4,6.9,,62.3,,,193.9,15.9,20.1,81.5,
BEL,2017,36.5,93.5,51736.1,1545.0,49525.7,6.9,,63.1,,,,,20.2,81.6,
BEN,2008,,,,,,3.7,,,,,,,,,
BEN,2010,,100.0,,,,,,,,,,,,,
BEN,2011,,100.0,,,,3.9,,,,,,,,,
BEN,2012,,100.0,,,,3.2,,,,,,,,,
BEN,2013,,100.0,,,,3.5,,,,,,,,,
BEN,2014,,100.0,,,,3.3,,,,,,,,,
BEN,2015,,100.0,,,,3.6,,,,,,,,,
BEN,2016,,100.0,,,,4.0,,,,,,,,,
BEN,2017,,100.0,,,,4.9,,,,,,,,,
BFA,2007,,,,,,4.0,,,,,,,,,
BFA,2008,,,,,,3.8,,,,,,,,,
BFA,2010,,100.0,,,,4.0,,,,,,,,,
BFA,2011,,100.0,,,,4.8,,,,,,,,,
BFA,2012,,100.0,,,,4.0,,,,,,,,,
BFA,2013,,100.0,,,,3.3,,,,,,,,,
BFA,2014,,100.0,,,,3.5,,,,,,,,,
BFA,2015,,100.0,,,,4.4,,,,,,,,,
BFA,2016,,100.0,,,,4.2,,,,,,,,,
BFA,2017,,100.0,,,,4.6,,,,,,,,,
BGD,2007,,,,,,4.6,,,,,,,,,
BGD,2008,,,,,,5.1,,,,,,,,,
BGD,2009,,,,,,5.1,,,,,,,,,
BGD,2010,,100.0,,,,4.9,,,,,,,,,
BGD,2011,,100.0,,,,5.0,,,,,,,,,
BGD,2012,,100.0,,,,4.7,,,,,,,,,
BGD,2013,,100.0,,,,4.7,,,,,,,,,
BGD,2014,,100.0,,,,4.6,,,,,,,,,
BGD,2015,,100.0,,,,4.6,,,,,,,,,
BGD,2016,,100.0,,,,4.6,,,,,,,,,
BGD,2017,,100.0,,,,4.3,,,,,,,,,
BGR,2007,,,,,12609.7,3.8,,,,,,,,,
BGR,2008,,,,,14083.0,,,,,,,,,,
BGR,2009,,,,,13883.8,,,,,,,,,,
BGR,2010,,99.9,,,14659.1,3.9,,,,,,,,,
BGR,2011,,99.9,,,15676.1,3.9,,,,,,,,,
BGR,2012,,99.9,,,16208.3,4.2,,,,,,,,,
BGR,2013,,99.9,,,16570.9,4.0,,,,,,,,,
BGR,2014,,99.9,,,17534.3,4.4,,,,,,,,,
BGR,2015,,99.9,,,18186.5,4.9,,,,,,,,,
BGR,2016,,99.8,,,19500.4,4.8,,,,,,,,,
BGR,2017,,99.8,,,20948.2,5.1,,,,,,,,,
BHR,2009,,,,,,5.7,,,,,,,,,
BHR,2010,,100.0,,,,5.9,,,,,,,,,
BHR,2011,,100.0,,,,4.8,,,,,,,,,
BHR,2012,,100.0,,,,5.0,,,,,,,,,
BHR,2013,,100.0,,,,6.7,,,,,,,,,
BHR,2014,,100.0,,,,6.2,,,,,,,,,
BHR,2015,,100.0,,,,6.0,,,,,,,,,
BHR,2016,,100.0,,,,6.2,,,,,,,,,
BHR,2017,,100.0,,,,6.2,,,,,,,,,
BIH,2007,,,,,,4.9,,,,,,,,,
BIH,2009,,,,,,5.0,,,,,,,,,
BIH,2010,,100.0,,,,4.7,,,,,,,,,
BIH,2011,,100.0,,,,5.0,,,,,,,,,
BIH,2012,,100.0,,,,4.8,,,,,,,,,
BIH,2013,,100.0,,,,5.1,,,,,,,,,
BIH,2014,,100.0,,,,5.2,,,,,,,,,
BIH,2015,,100.0,,,,5.1,,,,,,,,,
BIH,2016,,100.0,,,,5.2,,,,,,,,,
BIH,2017,,100.0,,,,5.1,,,,,,,,,
BLR,2007,,,,,,5.6,,,,,,,,,
BLR,2008,,,,,,5.5,,,,,,,,,
BLR,2009,,,,,,5.6,,,,,,,,,
BLR,2010,,100.0,,,,5.5,,,,,,,,,
BLR,2011,,100.0,,,,5.2,,,,,,,,,
BLR,2012,,100.0,,,,5.7,,,,,,,,,
BLR,2013,,100.0,,,,5.9,,,,,,,,,
BLR,2014,,100.0,,,,5.8,,,,,,,,,
BLR,2015,,100.0,,,,5.7,,,,,,,,,
BLR,2016,,100.0,,,,5.2,,,,,,,,,
BLR,2017,,99.9,,,,5.6,,,,,,,,,
BLZ,2007,,,,,,6.5,,,,,,,,,
BLZ,2014,,,,,,6.0,,,,,,,,,
BOL,2007,,,,,,5.6,,,,,,,,,
BOL,2008,,,,,,5.3,,,,,,,,,
BOL,2009,,,,,,6.1,,,,,,,,,
BOL,2010,,100.0,,,,5.8,,,,,,,,,
BOL,2011,,100.0,,,,5.8,,,,,,,,,
BOL,2012,,100.0,,,,6.0,,,,,,,,,
BOL,2013,,100.0,,,,5.8,,,,,,,,,
BOL,2014,,100.0,,,,5.9,,,,,,,,,
BOL,2015,,100.0,,,,5.8,,,,,,,,,
BOL,2016,,100.0,,,,5.8,,,,,,,,,
BOL,2017,,100.0,,,,5.7,,,,,,,,,
BRA,2007,27.2,,,,12632.6,6.3,,,7.1,15.6,161.1,5.4,17.5,72.8,
BRA,2008,28.0,,,,13396.4,6.7,,,7.1,14.8,161.4,5.5,17.6,73.2,
BRA,2009,29.8,,,,13343.5,7.0,,,7.2,14.3,160.7,5.5,17.7,73.5,
BRA,2010,,91.4,,,14382.8,6.8,,,7.4,14.1,162.3,5.4,17.8,73.9,
BRA,2011,31.7,92.3,,,15131.7,7.0,,,7.4,13.4,161.4,5.6,17.5,74.2,
BRA,2012,32.0,87.5,,,15572.8,6.7,,,7.3,12.1,162.0,5.8,17.9,74.5,
BRA,2013,32.7,85.9,,,16163.0,7.1,,,7.1,11.3,161.2,5.8,17.9,74.8,
BRA,2014,33.0,77.9,,,16396.2,7.0,,,7.2,8.7,160.3,5.7,18.1,75.0,
BRA,2015,34.1,75.5,,,15847.6,6.5,,,7.0,7.2,161.2,6.0,18.2,75.3,
BRA,2016,33.6,68.1,,,15385.8,6.4,,,6.3,10.2,,,,75.5,
BRA,2017,34.1,68.3,,,15651.4,6.3,,,,10.1,,,,75.7,
BRN,2010,,1.3,,,,,,,,,,,,,
BRN,2011,,1.3,,,,,,,,,,,,,
BRN,2012,,1.3,,,,,,,,,,,,,
BRN,2013,,0.0,,,,,,,,,,,,,
BRN,2014,,0.0,,,,,,,,,,,,,
BRN,2015,,0.0,,,,,,,,,,,,,
BRN,2016,,0.0,,,,,,,,,,,,,
BRN,2017,,0.0,,,,,,,,,,,,,
BTN,2010,,100.0,,,,,,,,,,,,,
BTN,2011,,100.0,,,,,,,,,,,,,
BTN,2012,,100.0,,,,,,,,,,,,,
BTN,2013,,100.0,,,,5.6,,,,,,,,,
BTN,2014,,100.0,,,,4.9,,,,,,,,,
BTN,2015,,100.0,,,,5.1,,,,,,,,,
BTN,2016,,100.0,,,,,,,,,,,,,
BTN,2017,,100.0,,,,,,,,,,,,,
BWA,2008,,,,,,5.5,,,,,,,,,
BWA,2010,,100.0,,,,3.6,,,,,,,,,
BWA,2011,,100.0,,,,3.5,,,,,,,,,
BWA,2012,,100.0,,,,4.8,,,,,,,,,
BWA,2013,,100.0,,,,4.1,,,,,,,,,
BWA,2014,,100.0,,,,4.0,,,,,,,,,
BWA,2015,,100.0,,,,3.8,,,,,,,,,
BWA,2016,,100.0,,,,3.5,,,,,,,,,
BWA,2017,,100.0,,,,3.5,,,,,,,,,
CAF,2007,,,,,,4.2,,,,,,,,,
CAF,2010,,100.0,,,,3.6,,,,,,,,,
CAF,2011,,100.0,,,,3.7,,,,,,,,,
CAF,2012,,100.0,,,,,,,,,,,,,
CAF,2013,,100.0,,,,,,,,,,,,,
CAF,2014,,100.0,,,,,,,,,,,,,
CAF,2015,,100.0,,,,,,,,,,,,,
CAF,2016,,100.0,,,,2.7,,,,,,,,,
CAF,2017,,100.0,,,,3.5,,,,,,,,,
CAN,2007,38.3,,43968.6,1744.0,39544.7,7.5,6608.4,73.5,8.3,18.2,221.8,10.6,"1,945",80.4,49.1
CAN,2008,38.3,,44810.3,1741.0,40378.0,7.5,6569.5,73.5,8.4,17.5,218.1,10.7,196,80.6,60.0
CAN,2008,38.3,,44810.3,1741.0,40378.0,7.5,6569.5,73.5,8.4,17.5,218.1,10.7,196,80.6,49.5
CAN,2009,38.2,,45309.0,1712.0,38896.0,7.5,7081.9,71.4,8.4,16.2,214.3,11.1,"1,975",80.8,50.0
CAN,2010,38.0,13.7,45502.6,1715.0,40106.2,7.7,7028.2,71.5,8.4,16.3,210.6,11.1,"1,995",81.1,58.6
CAN,2010,38.0,13.7,45502.6,1715.0,40106.2,7.7,7028.2,71.5,8.4,16.3,210.6,11.1,"1,995",81.1,50.6
CAN,2011,37.6,18.3,46203.4,1713.0,41662.5,7.4,6943.9,71.8,8.2,15.7,208.5,10.8,201,81.3,50.5
CAN,2012,36.7,8.8,47275.5,1722.0,42246.7,7.4,7009.8,72.0,8.3,16.1,205.6,10.8,203,81.5,50.9
CAN,2013,36.6,7.1,48191.6,1716.0,44211.0,7.6,6993.5,72.4,8.2,14.9,203.0,11.1,"2,045",81.7,60.3
CAN,2013,36.6,7.1,48191.6,1716.0,44211.0,7.6,6993.5,72.4,8.2,14.9,203.0,11.1,"2,045",81.7,52.1
CAN,2014,36.4,2.6,48717.5,1710.0,45627.6,7.3,7047.4,72.3,8.0,14.0,208.8,11.5,"2,055",81.8,52.5
CAN,2015,35.2,0.9,48979.3,1712.0,44671.4,7.4,7456.2,72.5,8.0,13.1,196.8,11.8,206,81.9,64.1
CAN,2015,35.2,0.9,48979.3,1712.0,44671.4,7.4,7456.2,72.5,8.0,13.1,196.8,11.8,206,81.9,52.4
CAN,2016,34.3,0.0,47793.4,1706.0,45109.5,7.2,,72.6,8.1,12.5,,,207,82.0,53.1
CAN,2017,34.4,0.0,48247.1,1695.0,46810.3,7.4,,73.4,8.1,12.0,,,207,82.0,59.1
CAN,2017,34.4,0.0,48247.1,1695.0,46810.3,7.4,,73.4,8.1,12.0,,,207,82.0,53.8
CHE,2007,54.6,,60304.4,1668.9,49500.2,,7498.3,78.6,10.4,20.4,190.6,16.9,204,82.0,37.3
CHE,2008,53.2,,60629.7,1659.5,52362.6,,7425.6,79.5,10.2,,185.7,16.0,206,82.2,
CHE,2009,51.9,,61856.1,1650.8,51564.6,7.5,7918.6,79.0,10.1,,183.2,13.4,206,82.3,
CHE,2010,51.2,94.2,62002.9,1624.3,52859.8,,7968.9,77.3,10.0,,181.6,11.9,"2,075",82.6,
CHE,2011,50.8,95.4,62107.9,1619.3,56183.8,,7974.7,78.3,10.0,,181.2,12.1,209,82.8,
CHE,2012,50.4,93.1,63207.3,1603.2,57849.6,7.8,8161.7,78.5,9.9,20.4,177.7,12.0,208,82.8,41.0
CHE,2013,49.0,88.6,64180.9,1582.9,60108.5,,8299.2,78.4,9.8,,175.9,12.2,209,82.9,
CHE,2014,48.8,80.2,64284.5,1575.3,61902.2,7.5,8433.5,78.8,9.5,,172.9,11.4,"2,115",83.3,
CHE,2015,47.5,74.6,64222.8,1589.5,63939.0,7.6,8649.3,79.2,9.5,,174.3,11.9,209,83.0,
CHE,2016,46.2,54.1,64063.9,1589.7,64323.9,7.5,,79.6,9.3,,171.8,11.2,"2,145",83.7,
CHE,2017,45.2,54.0,63899.9,1570.0,66395.8,7.5,,79.8,9.2,19.1,,,214,83.6,41.8
CHL,2007,,,21967.2,2128.0,16872.3,5.7,1461.6,56.3,7.4,,201.2,11.8,175,77.5,
CHL,2008,,,22409.1,2095.0,16447.3,5.8,1687.1,57.3,7.4,,198.4,13.1,181,78.1,
CHL,2009,39.4,,24037.7,2074.0,16119.9,6.5,1916.3,56.1,7.2,29.8,206.5,13.3,183,78.2,64.5
CHL,2009,39.4,,24037.7,2074.0,16119.9,6.5,1916.3,56.1,7.2,29.8,206.5,13.3,183,78.2,55.5
CHL,2010,,98.5,24960.8,2070.0,18129.1,6.6,1894.2,59.3,7.6,,204.4,12.2,179,78.0,
CHL,2011,39.9,98.5,25106.4,2047.0,20302.8,6.5,1900.2,61.3,7.1,,202.2,12.3,184,78.7,
CHL,2012,,98.5,25914.9,2024.0,21446.5,6.6,2003.3,61.8,8.3,,201.8,11.0,"1,825",78.7,
CHL,2013,40.3,98.5,26583.8,2015.0,22352.5,6.7,2045.2,62.3,7.2,,196.3,10.3,191,79.5,
CHL,2014,,98.0,26803.5,1990.0,22687.9,6.8,2113.7,62.2,7.9,,193.9,10.4,"1,925",79.7,
CHL,2015,42.4,97.7,26759.2,1988.0,22593.3,6.5,2243.1,62.4,7.9,,193.2,10.7,"1,945",79.9,48.3
CHL,2016,,97.2,27655.3,1974.0,22788.3,6.6,2294.8,62.2,7.9,24.5,230.2,10.7,"1,965",80.2,74.2
CHL,2017,42.3,97.3,26766.6,1954.0,24180.8,6.3,2282.7,62.7,,,,,,,
CHN,2007,,,,,6842.7,4.9,,,3.9,,,,,74.6,
CHN,2008,,,,,7609.3,4.8,,,4.3,,,,,74.9,
CHN,2009,,,,,8340.6,4.5,,,4.9,26.5,,,,75.1,
CHN,2010,14.8,99.9,,,9290.3,4.7,,,5.8,26.2,,,,75.3,
CHN,2011,,99.9,,,10330.7,5.0,,,5.7,,,,,75.5,
CHN,2012,,99.9,,,11285.6,5.1,,,5.7,25.5,,,,75.7,
CHN,2013,,99.9,,,12290.3,5.2,,,5.8,,,,,75.8,
CHN,2014,,99.9,,,13349.5,5.2,,,5.8,,,,,76.0,
CHN,2015,,99.9,,,14350.4,5.3,,,5.7,24.7,,,,76.2,
CHN,2016,,99.9,,,15411.8,5.3,,,5.7,,,,,76.3,
CHN,2017,,99.9,,,16633.1,5.1,,,,,,,,76.5,
CIV,2009,,,,,,4.2,,,,,,,,,
CIV,2010,,100.0,,,,,,,,,,,,,
CIV,2011,,100.0,,,,,,,,,,,,,
CIV,2012,,100.0,,,,,,,,,,,,,
CIV,2013,,100.0,,,,3.7,,,,,,,,,
CIV,2014,,100.0,,,,3.6,,,,,,,,,
CIV,2015,,100.0,,,,4.4,,,,,,,,,
CIV,2016,,100.0,,,,4.5,,,,,,,,,
CIV,2017,,100.0,,,,5.0,,,,,,,,,
CMR,2007,,,,,,4.3,,,,,,,,,
CMR,2008,,,,,,4.3,,,,,,,,,
CMR,2009,,,,,,4.7,,,,,,,,,
CMR,2010,,99.6,,,,4.6,,,,,,,,,
CMR,2011,,99.6,,,,4.4,,,,,,,,,
CMR,2012,,99.6,,,,4.2,,,,,,,,,
CMR,2013,,99.6,,,,4.3,,,,,,,,,
CMR,2014,,99.6,,,,4.2,,,,,,,,,
CMR,2015,,99.6,,,,5.0,,,,,,,,,
CMR,2016,,99.6,,,,4.8,,,,,,,,,
CMR,2017,,99.6,,,,5.1,,,,,,,,,
COD,2009,,,,,,4.0,,,,,,,,,
COD,2010,,100.0,,,,,,,,,,,,,
COD,2011,,100.0,,,,4.5,,,,,,,,,
COD,2012,,100.0,,,,4.6,,,,,,,,,
COD,2013,,100.0,,,,4.5,,,,,,,,,
COD,2014,,100.0,,,,4.4,,,,,,,,,
COD,2015,,100.0,,,,3.9,,,,,,,,,
COD,2016,,100.0,,,,4.5,,,,,,,,,
COD,2017,,100.0,,,,4.3,,,,,,,,,
COG,2008,,,,,,3.8,,,,,,,,,
COG,2010,,99.9,,,,,,,,,,,,,
COG,2011,,99.9,,,,4.5,,,,,,,,,
COG,2012,,99.9,,,,3.9,,,,,,,,,
COG,2013,,99.9,,,,4.0,,,,,,,,,
COG,2014,,99.9,,,,4.1,,,,,,,,,
COG,2015,,99.9,,,,4.7,,,,,,,,,
COG,2016,,99.9,,,,4.1,,,,,,,,,
COG,2017,,99.9,,,,4.9,,,,,,,,,
COL,2007,,,,,9729.0,6.1,,60.2,4.6,,167.8,5.4,,72.8,
COL,2008,,,,,10139.6,6.2,,60.5,4.4,17.1,163.2,5.5,,73.0,
COL,2009,,,,,10301.2,6.3,,62.3,4.3,,159.7,5.4,,73.2,
COL,2010,,99.5,,,10741.5,6.4,,63.7,4.2,,157.6,4.9,,73.4,
COL,2011,,99.5,,,11553.7,6.5,,65.1,4.3,,148.1,4.7,,73.5,
COL,2012,,99.5,,,12165.9,6.4,,66.3,4.4,,150.4,4.8,,73.7,
COL,2013,,99.1,,,12841.3,6.6,,66.5,4.3,13.0,151.9,4.7,,73.9,
COL,2014,29.6,97.3,,,13535.7,6.4,,67.1,4.3,,155.1,4.8,,74.1,
COL,2015,28.8,96.3,,,13928.0,6.4,,67.6,4.4,,154.8,5.2,,74.2,
COL,2016,30.2,93.7,,,14276.1,6.2,,67.2,4.5,,,,,74.4,
COL,2017,31.3,93.2,,,14607.0,6.2,,66.9,,,,,,74.6,
COM,2009,,,,,,3.5,,,,,,,,,
COM,2010,,,,,,3.8,,,,,,,,,
COM,2011,,,,,,3.8,,,,,,,,,
COM,2012,,,,,,4.0,,,,,,,,,
CRI,2007,15.3,,,2387.0,11792.0,7.4,,,4.3,9.6,154.3,6.4,66,78.4,
CRI,2008,15.7,,,2392.0,12404.8,6.9,,,4.3,9.2,150.7,6.3,65,78.5,
CRI,2009,15.5,,,2348.0,12191.2,7.6,,,4.2,8.7,150.6,6.6,,78.7,
CRI,2010,15.9,99.8,,2243.1,12733.1,7.3,,,3.7,8.2,170.0,7.1,67,78.8,
CRI,2011,15.8,99.8,,2285.3,13428.9,7.2,,,3.5,7.7,161.7,7.1,72,79.1,
CRI,2012,15.9,99.8,,2233.4,14144.6,7.3,,,3.4,7.2,158.7,6.7,73,79.4,
CRI,2013,17.0,99.8,,2140.6,14512.5,7.2,,,3.5,6.7,157.2,7.0,,79.6,
CRI,2014,17.0,99.7,,2121.7,15098.9,7.2,,,3.6,6.2,156.0,5.8,,79.8,
CRI,2015,16.2,99.7,,2148.2,15623.8,6.9,,,3.6,5.8,,,,79.9,
CRI,2016,16.9,99.6,,2204.7,16332.4,7.1,,,3.7,5.2,,,,80.1,
CRI,2017,16.5,99.6,,2178.9,17088.8,7.2,,,3.3,4.7,,,,80.2,
CUB,2010,,99.7,,,,,,,,,,,,,
CUB,2011,,99.7,,,,,,,,,,,,,
CUB,2012,,99.7,,,,,,,,,,,,,
CUB,2013,,99.7,,,,,,,,,,,,,
CUB,2014,,99.7,,,,,,,,,,,,,
CUB,2015,,99.7,,,,,,,,,,,,,
CUB,2016,,99.7,,,,,,,,,,,,,
CUB,2017,,99.7,,,,,,,,,,,,,
CYP,2007,,,,,32850.0,,,,,,,,,,
CYP,2008,,,,,34824.0,,,,,,,,,,
CYP,2009,,,,,33888.3,6.8,,,,,,,,,
CYP,2010,,99.6,,,33230.6,6.4,,,,,,,,,
CYP,2011,,99.6,,,33192.4,6.7,,,,,,,,,
CYP,2012,,99.6,,,31914.7,6.2,,,,,,,,,
CYP,2013,,99.6,,,30620.7,5.4,,,,,,,,,
CYP,2014,,99.6,,,30390.5,5.6,,,,,,,,,
CYP,2015,,99.6,,,31578.3,5.4,,,,,,,,,
CYP,2016,,99.6,,,33682.4,5.8,,,,,,,,,
CYP,2017,,99.6,,,36155.7,6.1,,,,,,,,,
CZE,2007,76.8,,22412.3,1784.0,26064.5,6.5,4924.9,66.1,12.1,24.0,261.1,12.7,168,77.0,
CZE,2008,76.4,,22423.0,1790.0,27724.4,,5085.3,66.5,12.1,21.8,256.7,12.6,"1,705",77.3,55.1
CZE,2008,76.4,,22423.0,1790.0,27724.4,,5085.3,66.5,12.1,21.8,256.7,12.6,"1,705",77.3,56.0
CZE,2009,75.9,,22371.7,1779.0,27474.2,,5438.8,65.4,12.1,23.8,253.1,13.2,170,77.4,
CZE,2010,75.2,100.0,22944.5,1800.0,27554.7,6.2,5439.7,65.0,11.4,22.8,250.3,13.5,"1,725",77.7,55.0
CZE,2011,74.1,100.0,23102.0,1806.0,28795.8,6.3,5557.2,65.7,11.5,21.7,239.8,14.3,174,78.0,
CZE,2012,73.2,100.0,23089.7,1776.0,29051.4,6.3,5564.9,66.5,11.6,22.9,236.6,14.7,"1,745",78.2,
CZE,2013,72.4,100.0,22846.1,1763.0,30496.0,6.7,5796.2,67.7,11.5,22.2,229.8,14.2,175,78.3,
CZE,2014,71.7,100.0,23324.3,1777.0,32265.0,6.5,5751.1,69.0,11.9,22.3,225.8,13.3,"1,795",78.9,55.4
CZE,2015,71.0,99.9,23962.8,1756.0,33701.4,6.6,5799.7,70.2,11.5,18.2,220.5,12.3,"1,765",78.7,
CZE,2016,70.5,99.9,24778.2,1779.0,35234.0,6.7,,72.0,11.7,19.6,219.8,11.7,181,79.1,
CZE,2017,69.9,99.9,25804.1,1784.0,38037.2,6.8,,73.6,11.6,18.4,215.6,12.4,180,79.1,
DEU,2007,60.1,,43802.1,1424.4,37024.4,6.4,9602.2,69.0,11.9,,209.9,10.2,"1,905",80.1,
DEU,2008,59.9,,44079.1,1418.4,38662.6,6.5,9785.9,70.1,11.8,,210.5,10.3,191,80.2,
DEU,2009,59.1,,44253.6,1372.7,37695.7,6.6,10203.1,70.3,11.6,21.9,207.0,10.3,192,80.3,51.4
DEU,2010,59.2,99.7,44451.2,1389.9,39916.1,6.7,10347.0,71.2,11.4,,206.0,10.8,"1,935",80.5,
DEU,2011,58.7,99.6,45209.4,1392.8,42692.5,6.6,10215.3,72.7,11.9,,205.0,10.8,194,80.5,
DEU,2012,58.2,98.6,45725.2,1375.0,43564.1,6.7,10192.6,73.0,11.8,,201.6,10.5,194,80.6,60.0
DEU,2013,57.8,98.1,46277.2,1362.7,45232.0,7.0,10280.4,73.5,11.7,20.9,204.8,10.8,"1,935",80.6,52.4
DEU,2014,59.8,96.4,47010.0,1366.9,47190.5,7.0,10442.2,73.8,11.6,,200.9,10.8,198,81.2,50.7
DEU,2015,59.2,96.5,48034.6,1369.8,47979.2,7.0,10598.7,74.0,12.0,,199.6,10.6,"1,945",80.7,
DEU,2016,58.2,90.3,48709.6,1362.8,49921.1,6.9,,74.7,10.9,,200.3,10.2,197,81.1,
DEU,2017,57.9,90.3,49161.1,1360.4,52574.3,7.1,,75.2,,18.8,,,"1,965",81.1,52.7
DJI,2008,,,,,,5.0,,,,,,,,,
DJI,2009,,,,,,4.9,,,,,,,,,
DJI,2010,,,,,,5.0,,,,,,,,,
DJI,2011,,,,,,4.4,,,,,,,,,
DNK,2007,43.4,,49771.8,1433.0,38978.8,7.8,11336.2,77.0,12.1,24.0,259.5,10.3,"1,785",78.4,
DNK,2008,42.4,,50445.5,1430.0,41283.0,8.0,11384.9,77.8,10.9,23.0,256.7,10.7,"1,805",78.8,
DNK,2009,42.3,,51668.6,1417.0,40340.4,7.7,11989.8,75.4,10.1,19.0,248.9,10.8,"1,815",79.0,
DNK,2010,42.4,95.6,52263.9,1422.0,43004.9,7.8,12308.1,73.3,10.3,20.9,252.5,9.8,"1,835",79.3,46.7
DNK,2011,43.2,98.6,51993.3,1437.0,44408.0,7.8,12439.1,73.2,10.5,,246.6,10.2,187,79.9,
DNK,2012,43.1,85.1,51923.1,1423.0,44808.5,7.5,12469.8,72.6,9.3,,246.1,11.3,"1,885",80.1,
DNK,2013,42.8,79.5,52260.7,1426.0,46742.9,7.6,12549.3,72.5,9.4,17.0,238.3,10.3,"1,905",80.4,47.4
DNK,2014,43.8,83.2,53260.7,1414.0,47905.5,7.5,12705.6,72.8,9.5,,233.4,10.6,"1,945",80.8,
DNK,2015,43.3,76.7,54196.9,1407.0,49071.3,7.5,12895.2,73.5,9.3,,230.4,9.4,"1,935",80.8,
DNK,2016,42.6,62.8,55032.3,1412.0,50685.4,7.6,,74.8,9.4,,,,195,80.9,
DNK,2017,42.1,62.7,54722.5,1405.0,54337.4,7.6,,74.2,9.1,16.9,,,195,81.2,51.0
DOM,2007,,,,,,5.1,,,,,,,,,
DOM,2008,,,,,,4.8,,,,,,,,,
DOM,2009,,,,,,5.4,,,,,,,,,
DOM,2010,,99.8,,,,4.7,,,,,,,,,
DOM,2011,,99.8,,,,5.4,,,,,,,,,
DOM,2012,,99.8,,,,4.8,,,,,,,,,
DOM,2013,,99.8,,,,5.0,,,,,,,,,
DOM,2014,,99.8,,,,5.4,,,,,,,,,
DOM,2015,,99.8,,,,5.1,,,,,,,,,
DOM,2016,,99.7,,,,5.2,,,,,,,,,
DOM,2017,,99.7,,,,5.6,,,,,,,,,
DZA,2010,,99.8,,,,5.5,,,,,,,,,
DZA,2011,,99.8,,,,5.3,,,,,,,,,
DZA,2012,,99.8,,,,5.6,,,,,,,,,
DZA,2013,,99.8,,,,,,,,,,,,,
DZA,2014,,99.8,,,,6.4,,,,,,,,,
DZA,2015,,99.8,,,,,,,,,,,,,
DZA,2016,,99.8,,,,5.3,,,,,,,,,
DZA,2017,,99.8,,,,5.2,,,,,,,,,
EA1,2007,,,,,34511.4,,,65.4,,,,,,,
EA1,2008,,,,,35844.7,,,65.8,,,,,,,
EA1,2009,,,,,34946.9,,,64.3,,,,,,,
EA1,2010,,,,,35906.1,,,64.0,,,,,,,
EA1,2011,,,,,37384.1,,,64.2,,,,,,,
EA1,2012,,,,,37737.4,,,63.7,,,,,,,
EA1,2013,,,,,38956.1,,,63.5,,,,,,,
EA1,2014,,,,,39977.6,,,63.8,,,,,,,
EA1,2015,,,,,41073.4,,,64.5,,,,,,,
EA1,2016,,,,,42723.9,,,65.4,,,,,,,
EA1,2017,,,,,45052.6,,,66.3,,,,,,,
ECU,2007,,,,,,5.0,,,,,,,,,
ECU,2008,,,,,,5.3,,,,,,,,,
ECU,2009,,,,,,6.0,,,,,,,,,
ECU,2010,,100.0,,,,5.8,,,,,,,,,
ECU,2011,,100.0,,,,5.8,,,,,,,,,
ECU,2012,,100.0,,,,6.0,,,,,,,,,
ECU,2013,,99.9,,,,6.0,,,,,,,,,
ECU,2014,,99.8,,,,5.9,,,,,,,,,
ECU,2015,,99.6,,,,6.0,,,,,,,,,
ECU,2016,,99.2,,,,6.1,,,,,,,,,
ECU,2017,,98.9,,,,5.8,,,,,,,,,
EGY,2007,,,,,,5.5,,,,,,,,,
EGY,2008,,,,,,4.6,,,,,,,,,
EGY,2009,,,,,,5.1,,,,,,,,,
EGY,2010,,99.9,,,,4.7,,,,,,,,,
EGY,2011,,99.9,,,,4.2,,,,,,,,,
EGY,2012,,99.9,,,,4.2,,,,,,,,,
EGY,2013,,99.9,,,,3.6,,,,,,,,,
EGY,2014,,99.9,,,,4.9,,,,,,,,,
EGY,2015,,99.9,,,,4.8,,,,,,,,,
EGY,2016,,99.9,,,,4.6,,,,,,,,,
EGY,2017,,99.9,,,,3.9,,,,,,,,,
ERI,2010,,99.5,,,,,,,,,,,,,
ERI,2011,,99.5,,,,,,,,,,,,,
ERI,2012,,99.5,,,,,,,,,,,,,
ERI,2013,,99.5,,,,,,,,,,,,,
ERI,2014,,99.5,,,,,,,,,,,,,
ERI,2015,,99.5,,,,,,,,,,,,,
ERI,2016,,99.5,,,,,,,,,,,,,
ERI,2017,,99.5,,,,,,,,,,,,,
ESP,2007,21.4,,37589.7,1703.5,32431.6,7.0,7016.7,65.8,11.1,,202.8,6.7,198,81.2,
ESP,2008,21.6,,39102.3,1712.6,33242.2,7.3,7447.3,64.5,10.2,,199.9,7.0,201,81.5,
ESP,2009,21.6,,41750.9,1719.7,32095.8,6.2,8146.8,60.0,10.0,26.2,197.8,6.9,204,81.9,52.8
ESP,2010,21.9,74.3,41034.3,1710.4,31690.0,6.2,7902.2,58.9,9.8,,197.5,6.3,"2,075",82.4,
ESP,2011,22.1,80.2,40452.8,1715.5,31872.4,6.5,8006.2,58.0,9.0,23.9,197.7,6.3,209,82.6,52.7
ESP,2012,22.0,70.6,39301.6,1701.2,31724.6,6.3,7750.5,55.8,8.8,,194.1,6.9,"2,075",82.5,
ESP,2013,21.7,65.3,39391.3,1693.5,32452.7,6.2,7712.2,54.8,8.8,,190.8,7.5,213,83.2,
ESP,2014,21.9,53.1,39397.8,1694.6,33544.4,6.5,7741.4,56.0,8.7,23.0,185.8,7.6,214,83.3,51.5
ESP,2015,22.4,60.5,40087.6,1699.6,34938.6,6.4,7832.1,57.8,8.3,,184.2,6.9,210,82.9,
ESP,2016,22.6,46.0,39860.3,1701.5,36581.5,6.3,,59.5,8.6,,184.7,6.8,215,83.4,
ESP,2017,22.7,46.4,39073.3,1690.2,38939.2,6.2,,61.1,,22.1,,,"2,135",83.4,53.0
EST,2007,55.7,,21771.9,1929.0,21928.0,5.3,3265.5,69.7,14.8,,238.4,18.2,"1,585",73.2,
EST,2008,54.1,,22052.8,1900.0,22641.8,5.5,3784.1,70.1,14.2,26.2,237.5,17.3,163,74.2,49.6
EST,2009,52.6,,21304.5,1769.0,20484.2,5.1,4116.8,63.8,11.9,,234.7,19.3,167,75.2,
EST,2010,53.7,6.2,21192.4,1810.0,21552.2,,3948.4,61.2,11.4,26.2,233.4,15.9,169,75.9,48.6
EST,2011,52.1,6.0,20320.6,1852.0,24501.3,5.5,3796.7,65.3,12.0,,235.5,15.3,"1,745",76.4,
EST,2012,52.3,1.8,21161.9,1820.0,25973.3,5.4,3862.9,67.2,12.1,26.0,233.3,16.6,"1,755",76.5,48.9
EST,2013,53.2,0.7,21459.6,1801.0,27449.9,5.4,3938.0,68.5,11.9,,231.0,15.3,"1,775",77.3,
EST,2014,50.6,0.7,22570.8,1795.0,28936.5,5.6,4230.2,69.6,11.1,22.1,237.0,17.5,178,77.2,52.0
EST,2014,50.6,0.7,22570.8,1795.0,28936.5,5.6,4230.2,69.6,11.1,22.1,237.0,17.5,178,77.2,51.3
EST,2015,50.5,0.0,23436.4,1788.0,29259.8,5.6,4639.2,71.9,10.6,,234.9,14.1,181,77.7,
EST,2016,50.1,0.0,24691.3,1791.0,30895.0,5.6,,72.1,10.2,21.3,226.6,13.0,"1,825",77.8,51.7
EST,2017,49.0,0.0,25368.1,1792.0,33493.2,5.9,,74.1,10.3,,,,182,78.2,
ETH,2010,,100.0,,,,,,,,,,,,,
ETH,2011,,100.0,,,,,,,,,,,,,
ETH,2012,,100.0,,,,4.6,,,,,,,,,
ETH,2013,,100.0,,,,4.4,,,,,,,,,
ETH,2014,,100.0,,,,4.5,,,,,,,,,
ETH,2015,,100.0,,,,4.6,,,,,,,,,
ETH,2016,,100.0,,,,4.3,,,,,,,,,
ETH,2017,,100.0,,,,4.2,,,,,,,,,
EU2,2007,,,,,31604.1,,,65.2,,,,,,,
EU2,2008,,,,,33034.4,,,65.7,,,,,,,
EU2,2009,,,,,32224.4,,,64.4,,,,,,,
EU2,2010,,90.2,,,33271.1,,,64.1,,,,,,,
EU2,2011,,91.3,,,34678.1,,,64.2,,,,,,,
EU2,2012,,88.3,,,35224.0,,,64.1,,,,,,,
EU2,2013,,87.1,,,36459.1,,,64.0,,,,,,,
EU2,2014,,82.9,,,37526.7,,,64.8,,,,,,,
EU2,2015,,83.7,,,38667.6,,,65.6,,,,,,,
EU2,2016,,78.5,,,40153.6,,,66.6,,,,,,,
EU2,2017,,78.5,,,42458.2,,,67.7,,,,,,,
FIN,2007,44.2,,42110.7,1614.0,37703.3,,9428.4,70.3,10.5,20.6,182.4,18.2,191,79.6,48.9
FIN,2008,44.5,,42518.6,1608.0,39969.4,7.7,9645.8,71.0,10.3,20.4,180.4,19.0,194,79.9,48.8
FIN,2009,44.7,,42861.7,1585.0,37829.8,,10162.5,68.7,10.0,18.6,176.9,18.9,194,80.1,49.3
FIN,2010,44.8,1.3,43535.2,1592.0,38737.1,7.4,10601.6,68.2,9.7,19.0,182.5,17.3,195,80.2,49.7
FIN,2011,44.4,1.3,43684.9,1587.0,40683.3,7.4,10722.8,69.0,9.8,17.8,178.4,16.4,197,80.6,65.0
FIN,2011,44.4,1.3,43684.9,1587.0,40683.3,7.4,10722.8,69.0,9.8,17.8,178.4,16.4,197,80.6,50.8
FIN,2012,45.1,0.0,43715.2,1575.0,40619.9,7.4,11009.1,69.4,9.3,17.0,176.5,15.6,197,80.7,58.0
FIN,2012,45.1,0.0,43715.2,1575.0,40619.9,7.4,11009.1,69.4,9.3,17.0,176.5,15.6,197,80.7,49.4
FIN,2013,45.3,0.0,43245.3,1565.0,41293.3,7.4,11288.1,68.9,9.1,15.8,175.8,15.8,199,81.1,49.9
FIN,2014,44.7,0.0,43229.1,1562.0,41462.7,7.4,11460.6,68.7,8.8,15.4,172.3,14.1,"1,995",81.3,52.1
FIN,2015,44.4,0.0,43617.3,1563.0,42213.5,7.4,11514.6,68.5,8.5,17.4,172.8,13.1,201,81.6,56.0
FIN,2016,44.3,0.0,43968.9,1560.0,43730.0,7.7,,69.1,8.4,15.0,173.1,13.9,"2,005",81.5,56.0
FIN,2017,43.8,0.0,43801.9,1556.0,46349.1,7.8,,70.0,8.4,13.0,,,"2,025",81.7,67.6
FIN,2017,43.8,0.0,43801.9,1556.0,46349.1,7.8,,70.0,8.4,13.0,,,"2,025",81.7,57.0
FJI,2010,,77.5,,,,,,,,,,,,,
FJI,2011,,77.5,,,,,,,,,,,,,
FJI,2012,,77.5,,,,,,,,,,,,,
FJI,2013,,77.4,,,,,,,,,,,,,
FJI,2014,,77.4,,,,,,,,,,,,,
FJI,2015,,77.2,,,,,,,,,,,,,
FJI,2016,,71.0,,,,,,,,,,,,,
FJI,2017,,63.1,,,,,,,,,,,,,
FRA,2007,41.8,,40386.8,1537.0,34095.4,,10355.6,64.3,12.9,,215.3,15.8,207,81.2,
FRA,2008,42.4,,40308.4,1543.0,35102.9,7.0,10414.8,64.9,12.5,26.2,213.6,16.1,"2,075",81.4,39.2
FRA,2009,41.7,,41589.7,1531.0,34693.2,6.3,11012.1,64.1,12.6,,212.0,16.2,"2,095",81.5,
FRA,2010,41.8,99.3,42435.4,1540.0,35909.2,6.8,11180.0,64.0,12.3,23.3,207.7,15.9,"2,115",81.8,42.9
FRA,2011,41.8,99.4,42370.3,1546.0,37447.9,7.0,11276.2,63.9,12.4,,203.5,15.8,"2,155",82.3,
FRA,2012,41.7,98.5,42654.4,1541.0,37684.2,6.6,11438.9,64.0,12.2,24.1,201.2,14.6,"2,125",82.1,44.4
FRA,2013,42.7,97.5,43012.5,1526.0,39528.5,6.7,11634.9,64.0,11.6,,196.3,14.3,"2,145",82.3,
FRA,2014,43.8,88.8,43308.8,1518.0,40144.1,6.5,11808.9,63.6,12.0,22.4,196.8,13.1,"2,185",82.8,46.1
FRA,2015,43.4,91.0,43731.7,1519.0,40840.8,6.4,11796.1,63.8,11.9,,197.7,13.1,"2,145",82.4,49.0
FRA,2016,43.5,79.8,44220.3,1526.0,42067.3,6.5,,64.2,11.7,,,,"2,165",82.6,
FRA,2017,43.2,79.8,44469.0,1522.0,44125.4,6.6,,64.7,11.7,,,,216,82.6,
G-7,2007,,,,,,,,69.6,,,,,,,
G-7,2008,,,,,,,,69.5,,,,,,,
G-7,2009,,,,,,,,67.6,,,,,,,
G-7,2010,,,,,,,,67.2,,,,,,,
G-7,2011,,,,,,,,67.5,,,,,,,
G-7,2012,,,,,,,,67.7,,,,,,,
G-7,2013,,,,,,,,68.0,,,,,,,
G-7,2014,,,,,,,,68.6,,,,,,,
G-7,2015,,,,,,,,69.1,,,,,,,
G-7,2016,,,,,,,,69.9,,,,,,,
G-7,2017,,,,,,,,70.6,,,,,,,
G20,2010,36.8,91.9,,,,,,,,,,,,,
G20,2011,36.8,92.8,,,,,,,,,,,,,
G20,2012,,90.6,,,,,,,,,,,,,
G20,2013,,89.5,,,,,,,,,,,,,
G20,2014,,87.8,,,,,,,,,,,,,
G20,2015,,87.6,,,,,,,,,,,,,
G20,2016,,85.9,,,,,,,,,,,,,
G20,2017,,85.9,,,,,,,,,,,,,
G7M,2010,,67.9,,,,,,,,,,,,,
G7M,2011,,71.8,,,,,,,,,,,,,
G7M,2012,,62.9,,,,,,,,,,,,,
G7M,2013,,59.4,,,,,,,,,,,,,
G7M,2014,,53.0,,,,,,,,,,,,,
G7M,2015,,52.1,,,,,,,,,,,,,
G7M,2016,,46.1,,,,,,,,,,,,,
G7M,2017,,46.2,,,,,,,,,,,,,
GAB,2010,,99.4,,,,,,,,,,,,,
GAB,2011,,99.4,,,,4.3,,,,,,,,,
GAB,2012,,99.4,,,,4.0,,,,,,,,,
GAB,2013,,99.4,,,,3.8,,,,,,,,,
GAB,2014,,99.4,,,,3.9,,,,,,,,,
GAB,2015,,99.4,,,,4.7,,,,,,,,,
GAB,2016,,99.4,,,,4.8,,,,,,,,,
GAB,2017,,99.4,,,,4.8,,,,,,,,,
GBR,2007,36.7,,45881.9,1541.0,35409.5,6.8,7090.1,71.5,11.1,21.0,234.8,6.3,"1,885",79.7,60.8
GBR,2008,36.4,,44679.5,1521.0,36416.5,7.0,7412.1,71.5,10.8,21.0,232.9,6.9,189,79.8,61.4
GBR,2009,36.8,,45455.2,1516.0,34777.9,6.9,7915.9,69.9,10.1,21.0,228.5,6.8,"1,935",80.4,61.3
GBR,2010,36.9,86.9,45526.6,1506.0,36016.3,7.0,8045.4,69.4,10.1,20.0,226.3,6.7,195,80.6,62.8
GBR,2011,37.4,89.4,44375.7,1518.0,36805.1,6.9,8003.3,69.3,9.9,20.0,225.2,6.9,198,81.0,61.7
GBR,2012,37.1,83.8,44006.8,1531.0,37908.5,6.9,8106.0,70.0,9.6,20.0,225.8,6.9,197,81.0,61.9
GBR,2013,37.3,81.5,44141.4,1541.0,39519.1,6.9,8320.3,70.5,9.4,19.0,221.9,7.5,"1,975",81.1,62.1
GBR,2014,36.9,71.0,43782.3,1547.0,40877.7,6.8,8269.3,71.9,9.4,19.0,219.7,7.4,"2,005",81.4,61.7
GBR,2015,35.4,70.8,44125.7,1531.0,42055.1,6.5,8292.3,72.7,9.5,17.8,217.7,7.5,197,81.0,62.9
GBR,2016,35.0,65.6,44465.8,1545.0,42942.9,6.8,,73.5,9.5,16.1,216.4,7.3,"1,995",81.2,61.4
GBR,2017,35.4,65.0,44589.8,1543.0,44909.1,7.1,,74.1,9.7,17.2,,,"1,995",81.3,64.3
GEO,2007,,,,,,3.7,,,,,,,,,
GEO,2008,,,,,,4.2,,,,,,,,,
GEO,2009,,,,,,3.8,,,,,,,,,
GEO,2010,,99.8,,,,4.1,,,,,,,,,
GEO,2011,,99.8,,,,4.2,,,,,,,,,
GEO,2012,,99.8,,,,4.3,,,,,,,,,
GEO,2013,,99.8,,,,4.3,,,,,,,,,
GEO,2014,,99.8,,,,4.3,,,,,,,,,
GEO,2015,,99.8,,,,4.1,,,,,,,,,
GEO,2016,,99.8,,,,4.4,,,,,,,,,
GEO,2017,,99.8,,,,4.5,,,,,,,,,
GHA,2007,,,,,,5.2,,,,,,,,,
GHA,2008,,,,,,5.0,,,,,,,,,
GHA,2009,,,,,,4.2,,,,,,,,,
GHA,2010,,99.7,,,,4.6,,,,,,,,,
GHA,2011,,99.7,,,,5.6,,,,,,,,,
GHA,2012,,99.7,,,,5.1,,,,,,,,,
GHA,2013,,99.7,,,,5.0,,,,,,,,,
GHA,2014,,99.7,,,,3.9,,,,,,,,,
GHA,2015,,99.7,,,,4.0,,,,,,,,,
GHA,2016,,99.7,,,,4.5,,,,,,,,,
GHA,2017,,99.7,,,,5.5,,,,,,,,,
GIN,2010,,99.8,,,,,,,,,,,,,
GIN,2011,,99.8,,,,4.0,,,,,,,,,
GIN,2012,,99.8,,,,3.7,,,,,,,,,
GIN,2013,,99.8,,,,3.9,,,,,,,,,
GIN,2014,,99.8,,,,3.4,,,,,,,,,
GIN,2015,,99.8,,,,3.5,,,,,,,,,
GIN,2016,,99.8,,,,3.6,,,,,,,,,
GIN,2017,,99.8,,,,4.9,,,,,,,,,
GMB,2010,,100.0,,,,,,,,,,,,,
GMB,2011,,100.0,,,,,,,,,,,,,
GMB,2012,,100.0,,,,,,,,,,,,,
GMB,2013,,100.0,,,,,,,,,,,,,
GMB,2014,,100.0,,,,,,,,,,,,,
GMB,2015,,100.0,,,,,,,,,,,,,
GMB,2016,,100.0,,,,,,,,,,,,,
GMB,2017,,100.0,,,,4.1,,,,,,,,,
GNB,2010,,99.3,,,,,,,,,,,,,
GNB,2011,,99.3,,,,,,,,,,,,,
GNB,2012,,99.3,,,,,,,,,,,,,
GNB,2013,,99.3,,,,,,,,,,,,,
GNB,2014,,99.3,,,,,,,,,,,,,
GNB,2015,,99.3,,,,,,,,,,,,,
GNB,2016,,99.3,,,,,,,,,,,,,
GNB,2017,,99.3,,,,,,,,,,,,,
GNQ,2010,,99.1,,,,,,,,,,,,,
GNQ,2011,,99.1,,,,,,,,,,,,,
GNQ,2012,,99.1,,,,,,,,,,,,,
GNQ,2013,,99.1,,,,,,,,,,,,,
GNQ,2014,,99.1,,,,,,,,,,,,,
GNQ,2015,,99.1,,,,,,,,,,,,,
GNQ,2016,,99.1,,,,,,,,,,,,,
GNQ,2017,,99.1,,,,,,,,,,,,,
GRC,2007,37.2,,32739.7,2019.0,29291.9,6.6,6423.0,60.9,9.7,,209.6,2.8,188,79.7,
GRC,2008,37.8,,32246.4,2015.0,30855.9,,6652.6,61.4,9.5,39.7,208.8,3.1,192,80.3,58.3
GRC,2009,37.8,,33761.8,1991.0,30365.4,6.0,7155.4,60.9,9.1,31.9,203.3,3.2,"1,945",80.4,55.8
GRC,2010,38.0,99.6,31510.1,1932.0,28148.3,5.8,7001.9,59.1,9.0,,196.5,3.1,196,80.7,
GRC,2011,38.4,99.6,29445.3,1949.0,26141.1,5.4,6675.9,55.1,8.0,,193.4,3.9,197,80.8,
GRC,2012,39.1,99.6,28108.0,1966.0,25284.4,5.1,6423.2,50.8,7.6,,198.2,4.2,195,80.7,
GRC,2013,39.8,99.6,26289.8,1970.0,26097.8,4.7,5843.6,48.8,7.5,,200.4,4.5,"2,015",81.4,
GRC,2014,40.2,99.6,26803.2,1933.0,26838.6,4.8,5945.9,49.4,7.0,27.3,199.0,4.7,"2,025",81.5,56.2
GRC,2015,41.2,99.6,26585.1,1943.0,26902.3,5.6,6027.6,50.8,6.6,,199.5,4.4,199,81.1,
GRC,2016,41.4,99.6,26506.1,1942.0,27273.9,5.3,,52.0,6.5,,199.2,4.0,203,81.5,
GRC,2017,41.7,99.6,26486.3,1956.0,28579.7,5.1,,53.5,,,,,200,81.4,55.0
GTM,2007,,,,,,6.3,,,,,,,,,
GTM,2008,,,,,,6.4,,,,,,,,,
GTM,2009,,,,,,6.5,,,,,,,,,
GTM,2010,,100.0,,,,6.3,,,,,,,,,
GTM,2011,,100.0,,,,5.7,,,,,,,,,
GTM,2012,,100.0,,,,5.9,,,,,,,,,
GTM,2013,,100.0,,,,6.0,,,,,,,,,
GTM,2014,,100.0,,,,6.5,,,,,,,,,
GTM,2015,,100.0,,,,6.5,,,,,,,,,
GTM,2016,,100.0,,,,6.4,,,,,,,,,
GTM,2017,,100.0,,,,6.3,,,,,,,,,
GUY,2007,,,,,,6.0,,,,,,,,,
HKG,2008,,,,,,5.1,,,,,,,,,
HKG,2009,,,,,,5.4,,,,,,,,,
HKG,2010,,99.4,,,,5.6,,,,,,,,,
HKG,2011,,99.4,,,,5.5,,,,,,,,,
HKG,2012,,99.4,,,,5.5,,,,,,,,,
HKG,2013,,99.4,,,,,,,,,,,,,
HKG,2014,,99.4,,,,5.5,,,,,,,,,
HKG,2015,,99.4,,,,,,,,,,,,,
HKG,2016,,99.4,,,,5.5,,,,,,,,,
HKG,2017,,99.4,,,,5.4,,,,,,,,,
HND,2007,,,,,,5.1,,,,,,,,,
HND,2008,,,,,,5.4,,,,,,,,,
HND,2009,,,,,,6.0,,,,,,,,,
HND,2010,,99.8,,,,5.9,,,,,,,,,
HND,2011,,99.8,,,,5.0,,,,,,,,,
HND,2012,,99.8,,,,4.6,,,,,,,,,
HND,2013,,99.8,,,,4.7,,,,,,,,,
HND,2014,,99.8,,,,5.1,,,,,,,,,
HND,2015,,99.8,,,,4.8,,,,,,,,,
HND,2016,,99.8,,,,5.6,,,,,,,,,
HND,2017,,99.8,,,,6.0,,,,,,,,,
HRV,2007,,,,,19324.2,5.8,,,,,,,,,
HRV,2008,,,,,20831.5,,,,,,,,,,
HRV,2009,,,,,20029.5,5.4,,,,,,,,,
HRV,2010,,98.2,,,19776.2,5.6,,,,,,,,,
HRV,2011,,98.2,,,20747.4,5.4,,,,,,,,,
HRV,2012,,98.2,,,21149.2,6.0,,,,,,,,,
HRV,2013,,98.2,,,21813.2,5.9,,,,,,,,,
HRV,2014,,98.2,,,22089.2,5.4,,,,,,,,,
HRV,2015,,98.2,,,22984.2,5.2,,,,,,,,,
HRV,2016,,97.8,,,24535.7,5.4,,,,,,,,,
HRV,2017,,97.8,,,26261.7,5.3,,,,,,,,,
HTI,2008,,,,,,3.8,,,,,,,,,
HTI,2010,,99.8,,,,3.8,,,,,,,,,
HTI,2011,,99.8,,,,4.8,,,,,,,,,
HTI,2012,,99.8,,,,4.4,,,,,,,,,
HTI,2013,,99.8,,,,4.6,,,,,,,,,
HTI,2014,,99.8,,,,3.9,,,,,,,,,
HTI,2015,,99.8,,,,3.6,,,,,,,,,
HTI,2016,,99.8,,,,3.4,,,,,,,,,
HTI,2017,,99.8,,,,3.8,,,,,,,,,
HUN,2007,61.2,,21951.7,1795.0,19030.1,5.0,5071.3,57.0,12.6,,293.0,23.3,"1,575",73.6,
HUN,2008,60.5,,22199.5,1798.0,20678.7,,5178.8,56.4,11.8,,294.7,23.4,160,74.2,
HUN,2009,60.7,,21364.5,1781.0,20651.8,4.9,4972.9,55.0,11.5,26.5,295.5,23.3,161,74.4,61.6
HUN,2009,60.7,,21364.5,1781.0,20651.8,4.9,4972.9,55.0,11.5,26.5,295.5,23.3,161,74.4,54.1
HUN,2010,61.2,100.0,21617.8,1777.0,21534.9,4.7,4965.4,55.0,10.8,,292.2,23.4,"1,615",74.7,
HUN,2011,60.6,100.0,21604.2,1769.9,22841.2,4.9,4913.2,55.4,11.4,,291.1,22.8,163,75.0,
HUN,2012,60.1,100.0,20852.3,1750.0,23094.5,4.7,4922.5,56.7,11.1,,293.3,22.0,162,75.2,
HUN,2013,60.0,100.0,20893.4,1744.6,24464.1,4.9,4950.5,58.1,10.6,,286.3,19.4,"1,645",75.7,
HUN,2014,59.7,100.0,20707.5,1751.7,25518.2,5.2,5004.3,61.8,10.9,25.8,282.7,17.8,166,75.9,62.3
HUN,2014,59.7,100.0,20707.5,1751.7,25518.2,5.2,5004.3,61.8,10.9,25.8,282.7,17.8,166,75.9,54.5
HUN,2015,59.0,100.0,20150.1,1748.7,26356.3,5.3,5031.1,64.0,10.8,,280.1,17.3,"1,635",75.7,
HUN,2016,59.6,100.0,21077.6,1760.0,26851.6,5.4,,66.5,11.1,,278.8,16.2,"1,665",76.2,
HUN,2017,60.0,100.0,22492.7,1741.3,28798.6,6.1,,68.2,,,275.4,15.1,"1,645",75.9,
IDN,2007,19.4,,,,7849.8,5.1,,,0.1,,,,,67.6,
IDN,2008,14.1,,,,8358.0,4.8,,,0.1,,,,,67.8,
IDN,2009,21.4,,,,8505.5,5.5,,,0.1,,,,,68.0,
IDN,2010,22.3,95.8,,,8401.7,5.5,,,0.1,36.3,,,,68.2,
IDN,2011,22.9,97.4,,,8973.6,5.2,,,0.1,,,,,68.4,
IDN,2012,22.7,98.4,,,9554.3,5.4,,,0.1,37.9,,,,68.6,
IDN,2013,23.3,93.3,,,10108.4,5.3,,,0.3,,,,,68.7,
IDN,2014,23.9,93.8,,,10661.6,5.6,,,0.3,,,,,68.9,25.0
IDN,2015,24.9,95.2,,,11156.9,5.0,,,0.3,39.9,,,,69.1,
IDN,2016,25.7,94.8,,,11714.4,5.1,,,0.3,,,,,69.3,
IDN,2017,26.0,94.8,,,12380.7,5.1,,,,,,,,69.4,
IND,2007,,,,,3585.8,5.0,,,1.6,,,,,65.4,
IND,2008,,,,,3745.8,5.1,,,1.9,,,,,65.8,
IND,2009,,,,,4038.3,4.5,,,2.5,,,,,66.3,
IND,2010,,99.9,,,4414.1,5.0,,,2.7,13.7,,,,66.7,
IND,2011,18.1,99.9,,,4739.4,4.6,,,3.0,,,,,67.1,
IND,2012,,99.9,,,5028.2,4.7,,,3.1,12.6,,,,67.4,
IND,2013,,99.9,,,5366.2,4.4,,,3.1,,,,,67.8,
IND,2014,,99.9,,,5793.2,4.4,,,3.0,,,,,68.1,
IND,2015,,99.9,,,6254.6,4.3,,,3.0,11.2,,,,68.4,
IND,2016,,99.9,,,6701.3,4.2,,,3.0,,,,,68.6,
IND,2017,,99.9,,,,4.0,,,,,,,,68.9,
IRL,2007,35.3,,43479.1,1763.0,46746.5,,8060.8,71.7,13.2,24.0,240.3,10.4,"1,855",79.7,61.0
IRL,2007,35.3,,43479.1,1763.0,46746.5,,8060.8,71.7,13.2,24.0,240.3,10.4,"1,855",79.7,51.0
IRL,2008,35.6,,44888.4,1743.0,44219.8,7.6,8949.0,69.7,12.2,,242.4,11.5,"1,855",80.2,
IRL,2009,35.3,,48160.0,1713.0,41587.1,7.0,10142.5,63.6,11.0,,242.5,11.7,"1,905",80.3,
IRL,2010,35.2,52.5,48697.7,1702.0,43298.7,7.3,10638.7,61.0,11.6,,225.3,10.8,"1,925",80.8,
IRL,2011,35.5,60.3,48764.7,1702.0,44870.5,7.0,10516.2,60.0,11.7,,237.2,12.2,194,80.8,
IRL,2012,34.9,31.6,48153.4,1707.0,46277.6,7.0,10350.2,59.9,11.5,,228.7,12.1,"1,935",80.9,
IRL,2013,35.3,29.1,46724.8,1720.0,47936.4,6.8,9968.1,61.7,10.6,,227.0,10.9,"1,945",81.0,
IRL,2014,37.8,6.0,46314.7,1731.0,51125.9,7.0,9902.5,63.1,10.8,,226.7,10.7,"1,975",81.4,
IRL,2015,37.0,5.2,47244.9,1741.0,69147.0,6.8,9397.8,64.8,10.7,19.0,219.2,9.3,197,81.5,61.0
IRL,2015,37.0,5.2,47244.9,1741.0,69147.0,6.8,9397.8,64.8,10.7,19.0,219.2,9.3,197,81.5,53.0
IRL,2016,,2.3,47709.0,1739.0,70616.4,7.0,,66.4,11.2,19.0,,,"1,985",81.8,
IRL,2017,36.3,2.3,47302.8,1738.0,77679.0,7.1,,67.7,11.0,18.0,,,202,82.2,62.0
IRN,2007,,,,,,5.3,,,,,,,,,
IRN,2008,,,,,,5.1,,,,,,,,,
IRN,2010,,99.9,,,,,,,,,,,,,
IRN,2011,,99.9,,,,4.8,,,,,,,,,
IRN,2012,,99.9,,,,4.6,,,,,,,,,
IRN,2013,,99.9,,,,5.1,,,,,,,,,
IRN,2014,,99.9,,,,4.7,,,,,,,,,
IRN,2015,,99.9,,,,4.7,,,,,,,,,
IRN,2016,,99.9,,,,4.7,,,,,,,,,
IRN,2017,,99.9,,,,4.7,,,,,,,,,
IRQ,2008,,,,,,4.6,,,,,,,,,
IRQ,2009,,,,,,4.8,,,,,,,,,
IRQ,2010,,100.0,,,,5.1,,,,,,,,,
IRQ,2011,,100.0,,,,4.7,,,,,,,,,
IRQ,2012,,100.0,,,,4.7,,,,,,,,,
IRQ,2013,,100.0,,,,4.7,,,,,,,,,
IRQ,2014,,100.0,,,,4.5,,,,,,,,,
IRQ,2015,,100.0,,,,4.5,,,,,,,,,
IRQ,2016,,100.0,,,,4.4,,,,,,,,,
IRQ,2017,,100.0,,,,4.5,,,,,,,,,
ISL,2007,38.4,,59636.2,1608.0,41182.2,,6281.2,85.2,7.5,19.0,221.8,12.0,197,81.5,60.2
ISL,2008,37.5,,52850.9,1610.0,43049.0,6.9,6412.2,83.6,7.2,17.6,212.9,12.4,195,81.7,
ISL,2009,37.1,,44701.1,1523.0,41813.3,,6884.8,78.3,7.2,15.4,209.3,11.8,198,81.8,
ISL,2010,38.1,23.4,45951.9,1514.0,39582.1,,6514.0,78.2,6.8,14.2,208.8,14.8,199,82.0,58.5
ISL,2011,37.0,23.6,48156.2,1524.0,40769.0,,6670.8,78.5,6.8,14.3,208.5,8.7,202,82.4,
ISL,2012,35.8,7.0,48049.7,1510.0,41928.4,7.6,6580.7,79.7,6.8,13.8,202.7,11.6,208,83.0,63.3
ISL,2013,36.1,6.9,48858.2,1510.0,44152.6,7.5,6609.8,81.1,6.8,11.4,199.2,16.0,200,82.1,
ISL,2014,36.2,6.4,49471.5,1503.0,45712.8,,6733.7,83.0,7.0,12.6,205.1,13.8,"2,085",82.9,
ISL,2015,35.9,6.4,53261.7,1504.0,48856.6,7.5,6589.2,84.7,7.7,10.9,194.4,12.3,204,82.5,57.6
ISL,2016,37.5,5.9,58131.1,1494.0,52340.5,7.5,,86.5,7.5,10.2,212.5,12.1,200,82.3,
ISL,2017,34.8,5.7,64415.1,1483.0,55330.1,7.5,,86.1,7.7,9.4,183.9,9.7,206,82.7,65.4
ISR,2007,36.8,,37025.4,1966.5,27341.5,6.8,4038.4,58.9,2.3,,198.4,5.3,"1,915",80.6,
ISR,2008,37.3,,36073.7,1963.3,27275.3,7.3,4129.3,59.8,2.5,18.7,196.3,5.7,196,81.0,47.7
ISR,2009,36.9,,35294.3,1962.5,27514.3,7.4,4266.8,59.2,2.6,,186.2,6.2,"1,985",81.5,
ISR,2010,36.5,100.0,34997.4,1956.5,28872.4,7.4,4452.3,60.2,2.6,18.5,189.2,7.4,"2,005",81.7,49.8
ISR,2011,36.6,100.0,35274.9,1947.2,30550.7,7.4,4522.5,60.9,2.7,,180.9,6.2,200,81.7,
ISR,2012,38.1,100.0,33166.7,1918.8,31707.0,7.1,4628.4,66.5,2.8,,183.8,6.4,199,81.8,
ISR,2013,37.6,100.0,33428.2,1908.2,34160.4,7.3,4729.1,67.1,2.9,16.2,179.8,5.5,"2,025",82.1,51.8
ISR,2014,36.8,100.0,33516.0,1894.5,34228.1,7.4,4808.6,67.9,2.7,17.1,178.8,5.5,"2,035",82.2,54.5
ISR,2015,36.7,100.0,34481.7,1895.4,35449.5,7.1,4852.4,68.3,2.6,,177.1,4.9,202,82.1,50.9
ISR,2016,36.9,100.0,35701.4,1922.1,37474.7,7.2,4928.0,68.6,2.6,19.6,171.4,5.4,"2,055",82.5,53.1
ISR,2017,36.5,100.0,36678.7,1918.0,38882.1,7.3,5171.6,69.0,,16.9,,,206,82.6,50.1
ITA,2007,38.7,,38448.9,1818.2,33794.6,6.6,8968.3,58.6,7.2,22.4,215.1,5.7,198,81.5,45.5
ITA,2008,39.0,,38488.6,1807.0,35154.8,6.8,9151.1,58.6,6.8,22.4,212.2,5.8,198,81.6,45.5
ITA,2009,39.8,,38680.9,1775.7,34234.2,6.3,9293.4,57.4,6.4,23.3,210.6,5.9,"1,995",81.7,46.3
ITA,2010,40.4,97.8,39051.1,1777.3,34685.0,6.4,9417.1,56.8,7.0,23.1,207.1,5.8,202,82.1,46.0
ITA,2011,41.1,98.1,38438.7,1773.3,35935.5,6.1,9323.7,56.8,7.0,22.5,207.3,6.2,"2,035",82.3,45.8
ITA,2012,41.5,97.5,37279.1,1734.2,35757.0,5.8,9283.3,56.6,7.5,22.1,205.4,6.3,203,82.3,46.0
ITA,2013,41.9,97.1,37338.3,1719.5,35885.4,6.0,9266.8,55.5,7.4,21.1,199.3,6.3,"2,075",82.8,45.8
ITA,2014,42.4,96.4,37481.9,1717.1,36070.8,6.0,9320.3,55.7,7.6,19.7,195.9,6.0,210,83.2,46.4
ITA,2015,42.3,96.6,37793.1,1718.0,36836.4,5.8,9456.9,56.3,7.1,19.8,194.4,5.7,"2,055",82.6,45.2
ITA,2016,42.4,94.5,38059.9,1721.7,39045.2,6.0,,57.2,7.6,20.0,,,"2,115",83.3,45.9
ITA,2017,42.2,94.7,37696.6,1719.0,40981.3,6.2,,58.0,,19.9,,,208,83.0,46.0
JAM,2010,,98.7,,,,,,,,,,,,,
JAM,2011,,98.7,,,,5.4,,,,,,,,,
JAM,2012,,98.7,,,,,,,,,,,,,
JAM,2013,,98.7,,,,5.7,,,,,,,,,
JAM,2014,,98.7,,,,5.3,,,,,,,,,
JAM,2015,,98.7,,,,,,,,,,,,,
JAM,2016,,98.7,,,,,,,,,,,,,
JAM,2017,,98.7,,,,5.9,,,,,,,,,
JOR,2007,,,,,,5.6,,,,,,,,,
JOR,2008,,,,,,4.9,,,,,,,,,
JOR,2009,,,,,,6.0,,,,,,,,,
JOR,2010,,100.0,,,,5.6,,,,,,,,,
JOR,2011,,100.0,,,,5.5,,,,,,,,,
JOR,2012,,100.0,,,,5.1,,,,,,,,,
JOR,2013,,100.0,,,,5.2,,,,,,,,,
JOR,2014,,100.0,,,,5.3,,,,,,,,,
JOR,2015,,100.0,,,,5.4,,,,,,,,,
JOR,2016,,100.0,,,,5.3,,,,,,,,,
JOR,2017,,100.0,,,,4.8,,,,,,,,,
JPN,2007,,,39872.6,1785.0,34507.2,6.2,6406.8,70.8,7.7,24.1,191.9,22.1,211,82.6,24.8
JPN,2008,,,39848.0,1771.0,34803.7,5.9,6622.9,70.9,7.5,21.8,190.4,21.8,211,82.7,24.2
JPN,2009,,,39470.3,1714.0,33202.0,5.8,7161.8,70.2,7.4,23.4,186.1,22.2,"2,145",83.0,25.1
JPN,2010,,93.4,40175.2,1733.0,34994.4,6.1,7512.3,70.3,7.3,19.5,186.1,21.2,"2,125",82.9,25.3
JPN,2011,,93.3,41082.1,1728.0,35775.3,6.3,7915.1,70.8,7.3,20.1,183.9,20.9,212,82.7,25.5
JPN,2012,,90.0,40380.4,1745.0,37213.8,6.0,8037.5,70.6,7.2,20.7,181.1,19.1,"2,135",83.2,23.7
JPN,2013,,90.4,40352.8,1734.0,39008.4,6.0,8149.7,71.8,7.4,19.3,179.0,18.7,"2,155",83.4,24.1
JPN,2014,,88.2,39633.3,1729.0,39183.5,5.9,8116.2,72.8,7.1,19.6,176.6,17.6,"2,175",83.7,24.7
JPN,2015,,89.0,39591.6,1719.0,40406.1,5.9,8214.1,73.4,7.2,18.2,173.8,16.6,218,83.9,23.8
JPN,2016,,79.4,40304.6,1714.0,41138.0,6.0,,74.4,7.2,18.3,171.5,15.2,220,84.1,25.4
JPN,2017,,80.6,40510.0,1709.0,41985.4,5.9,,75.3,7.2,17.7,,,220,84.2,25.9
KAZ,2007,,,,,,5.7,,,,,,,,,
KAZ,2008,,,,,,5.9,,,,,,,,,
KAZ,2009,,,,,,5.4,,,,,,,,,
KAZ,2010,,98.4,,,,5.5,,,,,,,,,
KAZ,2011,,98.4,,,,5.7,,,,,,,,,
KAZ,2012,,97.9,,,,5.8,,,,,,,,,
KAZ,2013,,97.4,,,,5.8,,,,,,,,,
KAZ,2014,,95.5,,,,6.0,,,,,,,,,
KAZ,2015,,95.9,,,,5.9,,,,,,,,,
KAZ,2016,,92.3,,,,5.5,,,,,,,,,
KAZ,2017,,92.2,,,,5.9,,,,,,,,,
KEN,2007,,,,,,4.6,,,,,,,,,
KEN,2008,,,,,,4.0,,,,,,,,,
KEN,2009,,,,,,4.3,,,,,,,,,
KEN,2010,,100.0,,,,4.3,,,,,,,,,
KEN,2011,,100.0,,,,4.4,,,,,,,,,
KEN,2012,,100.0,,,,4.5,,,,,,,,,
KEN,2013,,100.0,,,,3.8,,,,,,,,,
KEN,2014,,100.0,,,,4.9,,,,,,,,,
KEN,2015,,100.0,,,,4.4,,,,,,,,,
KEN,2016,,100.0,,,,4.4,,,,,,,,,
KEN,2017,,100.0,,,,4.5,,,,,,,,,
KGZ,2007,,,,,,4.7,,,,,,,,,
KGZ,2008,,,,,,4.7,,,,,,,,,
KGZ,2009,,,,,,5.1,,,,,,,,,
KGZ,2010,,100.0,,,,5.0,,,,,,,,,
KGZ,2011,,100.0,,,,4.9,,,,,,,,,
KGZ,2012,,100.0,,,,5.2,,,,,,,,,
KGZ,2013,,100.0,,,,5.4,,,,,,,,,
KGZ,2014,,99.0,,,,5.3,,,,,,,,,
KGZ,2015,,99.6,,,,4.9,,,,,,,,,
KGZ,2016,,97.5,,,,4.9,,,,,,,,,
KGZ,2017,,97.9,,,,5.6,,,,,,,,,
KHM,2007,,,,,,4.2,,,,,,,,,
KHM,2008,,,,,,4.5,,,,,,,,,
KHM,2009,,,,,,4.1,,,,,,,,,
KHM,2010,,100.0,,,,4.1,,,,,,,,,
KHM,2011,,100.0,,,,4.2,,,,,,,,,
KHM,2012,,100.0,,,,3.9,,,,,,,,,
KHM,2013,,100.0,,,,3.7,,,,,,,,,
KHM,2014,,100.0,,,,3.9,,,,,,,,,
KHM,2015,,100.0,,,,4.2,,,,,,,,,
KHM,2016,,100.0,,,,4.5,,,,,,,,,
KHM,2017,,100.0,,,,4.6,,,,,,,,,
KOR,2007,43.4,,34583.1,,27822.1,5.8,1986.0,64.1,9.3,24.0,203.6,28.7,181,79.2,31.0
KOR,2008,42.7,,34272.2,2228.0,28655.8,5.4,2172.0,64.0,9.5,26.3,199.5,29.0,185,79.6,30.1
KOR,2008,42.7,,34272.2,2228.0,28655.8,5.4,2172.0,64.0,9.5,26.3,199.5,29.0,185,79.6,21.4
KOR,2009,42.2,,34361.8,2174.0,28325.1,5.6,2421.0,63.0,8.9,25.6,193.8,33.8,189,80.0,30.5
KOR,2009,42.2,,34361.8,2174.0,28325.1,5.6,2421.0,63.0,8.9,25.6,193.8,33.8,189,80.0,22.3
KOR,2010,41.9,99.2,34955.6,2163.0,30365.3,6.1,2495.8,63.4,9.0,22.9,193.7,33.5,190,80.2,30.2
KOR,2010,41.9,99.2,34955.6,2163.0,30365.3,6.1,2495.8,63.4,9.0,22.9,193.7,33.5,190,80.2,22.6
KOR,2011,41.1,99.2,35294.6,2136.0,31228.3,6.9,2545.1,63.9,8.9,23.2,185.1,33.3,193,80.6,30.7
KOR,2011,41.1,99.2,35294.6,2136.0,31228.3,6.9,2545.1,63.9,8.9,23.2,185.1,33.3,193,80.6,23.3
KOR,2012,40.8,99.2,34864.2,2119.0,32097.1,6.0,2769.5,64.3,9.1,21.6,183.3,29.1,"1,935",80.9,31.8
KOR,2012,40.8,99.2,34864.2,2119.0,32097.1,6.0,2769.5,64.3,9.1,21.6,183.3,29.1,"1,935",80.9,24.1
KOR,2013,40.6,99.2,35528.8,2106.0,32615.7,6.0,3018.5,64.6,8.7,19.9,178.9,28.7,"1,975",81.4,31.5
KOR,2013,40.6,99.2,35528.8,2106.0,32615.7,6.0,3018.5,64.6,8.7,19.9,178.9,28.7,"1,975",81.4,24.4
KOR,2014,40.5,99.2,35321.1,2076.0,33587.4,5.8,3233.5,65.6,8.9,20.0,175.0,26.7,201,81.8,30.8
KOR,2014,40.5,99.2,35321.1,2076.0,33587.4,5.8,3233.5,65.6,8.9,20.0,175.0,26.7,201,81.8,25.0
KOR,2015,40.4,99.2,35949.1,2083.0,35760.7,5.8,3493.3,65.9,9.1,17.3,168.4,25.8,203,82.1,33.4
KOR,2015,40.4,99.2,35949.1,2083.0,35760.7,5.8,3493.3,65.9,9.1,17.3,168.4,25.8,203,82.1,26.1
KOR,2016,40.1,99.2,37165.1,2068.0,37142.6,6.0,3687.0,66.1,8.7,18.4,165.2,24.6,205,82.4,34.5
KOR,2016,40.1,99.2,37165.1,2068.0,37142.6,6.0,3687.0,66.1,8.7,18.4,165.2,24.6,205,82.4,27.3
KOR,2017,39.9,99.2,37849.4,2018.0,38839.4,5.9,3824.1,66.6,8.7,17.5,,,"2,065",82.7,33.7
KOR,2017,39.9,99.2,37849.4,2018.0,38839.4,5.9,3824.1,66.6,8.7,17.5,,,"2,065",82.7,27.7
KWT,2009,,,,,,6.6,,,,,,,,,
KWT,2010,,99.7,,,,6.8,,,,,,,,,
KWT,2011,,99.7,,,,6.4,,,,,,,,,
KWT,2012,,99.7,,,,6.2,,,,,,,,,
KWT,2013,,99.7,,,,6.5,,,,,,,,,
KWT,2014,,99.7,,,,6.2,,,,,,,,,
KWT,2015,,99.7,,,,6.1,,,,,,,,,
KWT,2016,,99.7,,,,5.9,,,,,,,,,
KWT,2017,,99.7,,,,6.1,,,,,,,,,
LAO,2007,,,,,,5.4,,,,,,,,,
LAO,2008,,,,,,5.0,,,,,,,,,
LAO,2010,,100.0,,,,,,,,,,,,,
LAO,2011,,100.0,,,,4.7,,,,,,,,,
LAO,2012,,100.0,,,,4.9,,,,,,,,,
LAO,2013,,100.0,,,,,,,,,,,,,
LAO,2014,,100.0,,,,,,,,,,,,,
LAO,2015,,100.0,,,,,,,,,,,,,
LAO,2016,,100.0,,,,,,,,,,,,,
LAO,2017,,100.0,,,,4.6,,,,,,,,,
LBN,2008,,,,,,4.6,,,,,,,,,
LBN,2009,,,,,,5.2,,,,,,,,,
LBN,2010,,100.0,,,,5.0,,,,,,,,,
LBN,2011,,100.0,,,,5.2,,,,,,,,,
LBN,2012,,100.0,,,,4.6,,,,,,,,,
LBN,2013,,100.0,,,,5.0,,,,,,,,,
LBN,2014,,100.0,,,,5.2,,,,,,,,,
LBN,2015,,100.0,,,,5.2,,,,,,,,,
LBN,2016,,100.0,,,,5.3,,,,,,,,,
LBN,2017,,100.0,,,,5.2,,,,,,,,,
LBR,2007,,,,,,3.7,,,,,,,,,
LBR,2008,,,,,,4.2,,,,,,,,,
LBR,2010,,99.6,,,,4.2,,,,,,,,,
LBR,2011,,99.6,,,,,,,,,,,,,
LBR,2012,,99.6,,,,,,,,,,,,,
LBR,2013,,99.6,,,,,,,,,,,,,
LBR,2014,,99.6,,,,4.6,,,,,,,,,
LBR,2015,,99.6,,,,2.7,,,,,,,,,
LBR,2016,,99.6,,,,3.4,,,,,,,,,
LBR,2017,,99.6,,,,4.4,,,,,,,,,
LBY,2010,,99.8,,,,,,,,,,,,,
LBY,2011,,99.8,,,,,,,,,,,,,
LBY,2012,,99.8,,,,5.8,,,,,,,,,
LBY,2013,,99.8,,,,,,,,,,,,,
LBY,2014,,99.8,,,,,,,,,,,,,
LBY,2015,,99.8,,,,5.6,,,,,,,,,
LBY,2016,,99.8,,,,5.4,,,,,,,,,
LBY,2017,,99.8,,,,5.6,,,,,,,,,
LIE,2010,,87.9,,,,,,,,,,,,,
LIE,2011,,98.3,,,,,,,,,,,,,
LIE,2012,,87.9,,,,,,,,,,,,,
LIE,2013,,86.8,,,,,,,,,,,,,
LIE,2014,,86.8,,,,,,,,,,,,,
LIE,2015,,85.6,,,,,,,,,,,,,
LIE,2016,,85.6,,,,,,,,,,,,,
LIE,2017,,85.6,,,,,,,,,,,,,
LKA,2007,,,,,,4.4,,,,,,,,,
LKA,2008,,,,,,4.4,,,,,,,,,
LKA,2009,,,,,,4.2,,,,,,,,,
LKA,2010,,99.8,,,,4.0,,,,,,,,,
LKA,2011,,99.8,,,,4.2,,,,,,,,,
LKA,2012,,99.8,,,,4.2,,,,,,,,,
LKA,2013,,99.8,,,,4.4,,,,,,,,,
LKA,2014,,99.8,,,,4.3,,,,,,,,,
LKA,2015,,99.8,,,,4.6,,,,,,,,,
LKA,2016,,69.5,,,,,,,,,,,,,
LKA,2017,,46.8,,,,4.3,,,,,,,,,
LSO,2010,,100.0,,,,,,,,,,,,,
LSO,2011,,100.0,,,,4.9,,,,,,,,,
LSO,2012,,100.0,,,,,,,,,,,,,
LSO,2013,,100.0,,,,,,,,,,,,,
LSO,2014,,100.0,,,,,,,,,,,,,
LSO,2015,,100.0,,,,,,,,,,,,,
LSO,2016,,100.0,,,,3.8,,,,,,,,,
LSO,2017,,100.0,,,,3.8,,,,,,,,,
LTU,2007,60.0,,21165.7,1660.0,19095.6,5.8,3215.3,65.0,13.9,,241.1,31.0,"1,565",70.9,
LTU,2008,60.1,,21493.5,1686.0,20744.0,5.6,3723.5,64.4,13.9,,240.1,33.7,160,71.8,
LTU,2009,60.4,,18767.9,1625.0,18145.9,5.5,4226.8,59.9,13.1,,234.4,34.5,162,72.9,
LTU,2010,59.5,100.0,18835.7,1643.0,20090.7,5.1,3899.7,57.5,13.5,,232.2,31.6,163,73.3,
LTU,2011,59.4,100.0,19367.2,1621.0,22854.3,5.4,3789.1,60.2,14.7,,231.4,32.2,166,73.7,
LTU,2012,59.3,100.0,19671.1,1620.0,24658.1,5.8,3779.6,62.0,14.7,,226.5,29.5,"1,665",74.0,
LTU,2013,58.2,100.0,20471.7,1606.0,26660.6,5.6,3713.9,63.7,14.5,,221.9,34.8,"1,665",74.1,
LTU,2014,54.5,100.0,21367.7,1599.0,28174.3,6.1,3901.2,65.7,14.2,20.3,224.5,29.8,169,74.7,53.3
LTU,2015,52.6,99.5,22741.7,1622.0,28910.3,5.7,4084.3,67.2,14.0,,232.6,29.0,"1,665",74.5,
LTU,2016,52.8,97.9,23933.5,1644.0,30300.0,5.9,,69.4,13.2,,227.9,26.7,168,74.8,
LTU,2017,52.6,96.6,25207.1,1608.0,33325.0,6.3,,70.4,12.3,,220.7,24.4,169,75.6,
LUX,2007,39.2,,60156.9,1566.0,83858.2,,18448.9,64.2,12.2,21.0,220.3,16.2,"1,835",79.5,54.8
LUX,2008,40.3,,59918.9,1567.0,86592.0,,19423.1,63.4,12.0,20.0,201.1,8.4,192,80.6,54.7
LUX,2009,42.5,,61588.3,1517.0,82206.4,7.0,19988.0,65.2,12.0,19.0,215.2,9.3,195,80.7,58.7
LUX,2010,42.2,99.9,62131.6,1517.0,85514.9,7.1,19806.9,65.2,11.8,18.3,209.9,10.3,"1,945",80.7,59.1
LUX,2011,40.2,99.9,61213.3,1515.0,91814.0,7.1,18173.0,64.6,12.1,16.9,207.9,10.4,197,81.1,60.2
LUX,2012,39.2,92.8,60707.1,1508.0,91526.7,7.0,19116.4,65.8,12.0,16.8,205.5,9.4,199,81.5,59.2
LUX,2013,39.8,91.8,61305.5,1503.0,95246.1,7.1,19474.1,65.7,11.7,15.7,189.1,7.3,205,81.9,58.1
LUX,2014,36.0,80.7,63606.7,1506.0,100933.6,6.9,19496.7,66.6,11.8,15.3,199.9,11.8,"2,055",82.3,58.1
LUX,2014,36.0,80.7,63606.7,1506.0,100933.6,6.9,19496.7,66.6,11.8,15.3,199.9,11.8,"2,055",82.3,48.0
LUX,2015,34.8,82.7,64551.5,1514.0,102817.3,6.7,19427.6,66.2,11.9,15.0,183.6,11.1,"2,035",82.4,
LUX,2016,36.0,73.0,64453.1,1513.0,104702.3,7.0,,65.6,11.3,14.9,180.2,7.2,208,82.8,
LUX,2017,36.4,73.0,65891.0,1507.0,107525.2,7.1,,66.3,,16.0,,,"2,015",82.2,
LVA,2007,62.5,,20280.4,1687.0,18123.6,4.7,2339.5,68.1,12.1,,245.0,19.9,"1,485",70.8,
LVA,2008,61.0,,20949.7,1799.0,19428.6,5.1,2679.7,68.2,11.8,27.9,240.8,23.1,"1,525",72.0,48.5
LVA,2009,60.9,,18917.1,1754.0,16869.3,4.7,3250.6,60.4,9.9,,245.1,23.1,"1,565",72.6,
LVA,2010,61.7,99.4,18174.9,1738.0,17560.8,,3427.3,58.5,9.8,,248.0,19.7,156,73.0,45.1
LVA,2011,60.2,99.0,17541.4,1753.0,19781.8,5.0,3160.7,60.8,10.1,,241.5,19.9,"1,605",73.7,
LVA,2012,59.9,97.9,18272.9,1738.0,21259.8,5.1,3087.1,63.0,10.2,,244.7,20.5,"1,605",73.9,49.1
LVA,2013,58.3,96.4,19152.0,1732.0,22674.5,5.1,3226.8,65.0,10.4,,241.5,17.8,"1,625",74.1,
LVA,2014,56.4,96.4,20429.5,1741.0,23802.4,5.7,3282.5,66.3,10.6,24.1,240.7,18.1,164,74.3,54.6
LVA,2014,56.4,96.4,20429.5,1741.0,23802.4,5.7,3282.5,66.3,10.6,24.1,240.7,18.1,164,74.3,52.0
LVA,2015,56.2,92.8,22295.3,1708.0,24726.2,5.9,3481.5,68.1,10.8,,235.9,18.1,"1,655",74.6,
LVA,2016,55.3,90.7,23591.7,1709.0,25842.6,5.9,,68.7,11.2,,,,165,74.7,54.6
LVA,2017,53.7,89.3,24634.0,1695.0,28378.1,6.0,,70.1,,,,,"1,655",74.8,
MAC,2010,,100.0,,,,,,,,,,,,,
MAC,2011,,100.0,,,,,,,,,,,,,
MAC,2012,,100.0,,,,,,,,,,,,,
MAC,2013,,100.0,,,,,,,,,,,,,
MAC,2014,,100.0,,,,,,,,,,,,,
MAC,2015,,100.0,,,,,,,,,,,,,
MAC,2016,,100.0,,,,,,,,,,,,,
MAC,2017,,100.0,,,,,,,,,,,,,
MAR,2010,,100.0,,,,4.4,,,,,,,,,
MAR,2011,,100.0,,,,5.1,,,,,,,,,
MAR,2012,,100.0,,,,5.0,,,,,,,,,
MAR,2013,,100.0,,,,5.1,,,,,,,,,
MAR,2014,,100.0,,,,,,,,,,,,,
MAR,2015,,100.0,,,,5.2,,,,,,,,,
MAR,2016,,100.0,,,,5.4,,,,,,,,,
MAR,2017,,100.0,,,,5.3,,,,,,,,,
MDA,2007,,,,,,4.8,,,,,,,,,
MDA,2008,,,,,,5.5,,,,,,,,,
MDA,2009,,,,,,5.6,,,,,,,,,
MDA,2010,,100.0,,,,5.6,,,,,,,,,
MDA,2011,,100.0,,,,5.8,,,,,,,,,
MDA,2012,,100.0,,,,6.0,,,,,,,,,
MDA,2013,,100.0,,,,5.8,,,,,,,,,
MDA,2014,,100.0,,,,5.9,,,,,,,,,
MDA,2015,,100.0,,,,6.0,,,,,,,,,
MDA,2016,,100.0,,,,5.6,,,,,,,,,
MDA,2017,,100.0,,,,5.3,,,,,,,,,
MDG,2008,,,,,,4.6,,,,,,,,,
MDG,2010,,99.7,,,,,,,,,,,,,
MDG,2011,,99.7,,,,4.4,,,,,,,,,
MDG,2012,,99.7,,,,3.6,,,,,,,,,
MDG,2013,,99.7,,,,3.8,,,,,,,,,
MDG,2014,,99.7,,,,3.7,,,,,,,,,
MDG,2015,,99.7,,,,3.6,,,,,,,,,
MDG,2016,,99.7,,,,3.7,,,,,,,,,
MDG,2017,,99.7,,,,4.1,,,,,,,,,
MEX,2007,16.0,,17283.7,2045.0,14233.0,6.5,986.3,61.0,4.1,,127.2,4.5,"1,755",74.2,65.6
MEX,2008,16.2,,17150.2,2105.0,14885.9,6.8,1054.6,60.7,4.0,10.8,128.4,4.7,"1,755",74.1,65.1
MEX,2009,17.0,,17269.0,1973.0,14532.4,7.0,1067.1,59.8,4.3,7.6,124.3,5.0,"1,755",74.0,
MEX,2010,17.4,99.8,16183.1,2150.0,15257.7,6.8,1124.1,59.7,4.0,,124.4,4.9,"1,755",74.1,
MEX,2011,18.1,99.9,16328.2,2121.0,16546.6,6.9,1128.1,60.0,4.0,10.3,121.0,5.1,176,74.2,
MEX,2012,18.3,99.8,16050.3,2120.0,17220.1,7.3,1157.6,60.9,3.9,11.8,120.2,4.9,"1,765",74.4,71.3
MEX,2013,18.6,99.8,16050.3,2136.0,17461.8,7.4,1213.0,60.8,3.9,,116.1,5.1,"1,765",74.6,
MEX,2014,19.1,99.7,16028.6,2134.0,18167.5,6.7,1234.1,60.4,4.0,,117.9,5.5,"1,765",74.8,
MEX,2015,19.4,99.7,16231.2,2140.0,18438.0,6.2,1280.0,60.7,4.4,7.6,118.2,5.5,177,75.0,
MEX,2016,19.8,99.6,16135.6,2146.0,18968.9,6.8,1276.3,61.0,4.4,,119.5,5.4,"1,775",75.2,72.5
MEX,2017,20.2,99.6,16110.2,2148.0,19654.8,6.4,,61.1,,7.6,,,"1,775",75.4,
MKD,2007,,,,,9341.9,4.5,,,,,,,,,
MKD,2008,,,,,10521.9,,,,,,,,,,
MKD,2009,,,,,11012.2,4.4,,,,,,,,,
MKD,2010,,100.0,,,11360.1,4.2,,,,,,,,,
MKD,2011,,100.0,,,11689.9,4.9,,,,,,,,,
MKD,2012,,100.0,,,11915.7,4.6,,,,,,,,,
MKD,2013,,100.0,,,12727.3,5.2,,,,,,,,,
MKD,2014,,100.0,,,13434.8,5.2,,,,,,,,,
MKD,2015,,100.0,,,13892.0,5.0,,,,,,,,,
MKD,2016,,100.0,,,14872.3,5.3,,,,,,,,,
MKD,2017,,100.0,,,,5.2,,,,,,,,,
MLI,2008,,,,,,4.1,,,,,,,,,
MLI,2009,,,,,,4.0,,,,,,,,,
MLI,2010,,100.0,,,,3.8,,,,,,,,,
MLI,2011,,100.0,,,,4.7,,,,,,,,,
MLI,2012,,100.0,,,,4.3,,,,,,,,,
MLI,2013,,100.0,,,,3.7,,,,,,,,,
MLI,2014,,100.0,,,,4.0,,,,,,,,,
MLI,2015,,100.0,,,,4.6,,,,,,,,,
MLI,2016,,100.0,,,,4.0,,,,,,,,,
MLI,2017,,100.0,,,,4.7,,,,,,,,,
MLT,2007,,,,,24892.5,,,,,,,,,,
MLT,2008,,,,,26193.2,,,,,,,,,,
MLT,2009,,,,,26141.3,6.3,,,,,,,,,
MLT,2010,,99.7,,,27811.5,5.8,,,,,,,,,
MLT,2011,,99.7,,,28585.6,6.2,,,,,,,,,
MLT,2012,,99.7,,,29434.9,6.0,,,,,,,,,
MLT,2013,,99.7,,,31072.4,6.4,,,,,,,,,
MLT,2014,,99.7,,,33366.3,6.5,,,,,,,,,
MLT,2015,,99.7,,,36171.8,6.6,,,,,,,,,
MLT,2016,,99.7,,,38321.4,6.6,,,,,,,,,
MLT,2017,,99.7,,,41466.4,6.7,,,,,,,,,
MMR,2010,,99.8,,,,,,,,,,,,,
MMR,2011,,99.8,,,,,,,,,,,,,
MMR,2012,,99.8,,,,4.4,,,,,,,,,
MMR,2013,,99.8,,,,4.2,,,,,,,,,
MMR,2014,,99.8,,,,4.8,,,,,,,,,
MMR,2015,,99.8,,,,4.2,,,,,,,,,
MMR,2016,,99.8,,,,4.6,,,,,,,,,
MMR,2017,,99.8,,,,4.2,,,,,,,,,
MNE,2007,,,,,,5.2,,,,,,,,,
MNE,2009,,,,,,4.8,,,,,,,,,
MNE,2010,,99.7,,,,5.5,,,,,,,,,
MNE,2011,,99.7,,,,5.2,,,,,,,,,
MNE,2012,,99.7,,,,5.2,,,,,,,,,
MNE,2013,,99.7,,,,5.1,,,,,,,,,
MNE,2014,,99.7,,,,5.3,,,,,,,,,
MNE,2015,,99.7,,,,5.1,,,,,,,,,
MNE,2016,,99.7,,,,5.3,,,,,,,,,
MNE,2017,,99.7,,,,5.6,,,,,,,,,
MNG,2007,,,,,,4.6,,,,,,,,,
MNG,2008,,,,,,4.5,,,,,,,,,
MNG,2010,,98.1,,,,4.6,,,,,,,,,
MNG,2011,,98.4,,,,5.0,,,,,,,,,
MNG,2012,,98.0,,,,4.9,,,,,,,,,
MNG,2013,,97.3,,,,4.9,,,,,,,,,
MNG,2014,,97.1,,,,4.8,,,,,,,,,
MNG,2015,,97.8,,,,5.0,,,,,,,,,
MNG,2016,,96.7,,,,5.1,,,,,,,,,
MNG,2017,,96.7,,,,5.3,,,,,,,,,
MOZ,2007,,,,,,4.8,,,,,,,,,
MOZ,2008,,,,,,4.7,,,,,,,,,
MOZ,2010,,99.8,,,,,,,,,,,,,
MOZ,2011,,99.8,,,,5.0,,,,,,,,,
MOZ,2012,,99.8,,,,,,,,,,,,,
MOZ,2013,,99.8,,,,,,,,,,,,,
MOZ,2014,,99.8,,,,,,,,,,,,,
MOZ,2015,,99.8,,,,4.5,,,,,,,,,
MOZ,2016,,99.8,,,,,,,,,,,,,
MOZ,2017,,99.8,,,,4.3,,,,,,,,,
MRT,2007,,,,,,4.1,,,,,,,,,
MRT,2008,,,,,,4.2,,,,,,,,,
MRT,2009,,,,,,4.5,,,,,,,,,
MRT,2010,,99.8,,,,4.8,,,,,,,,,
MRT,2011,,99.8,,,,4.8,,,,,,,,,
MRT,2012,,99.8,,,,4.7,,,,,,,,,
MRT,2013,,99.8,,,,4.2,,,,,,,,,
MRT,2014,,99.8,,,,4.5,,,,,,,,,
MRT,2015,,99.8,,,,3.9,,,,,,,,,
MRT,2016,,99.8,,,,4.5,,,,,,,,,
MRT,2017,,99.8,,,,4.7,,,,,,,,,
MUS,2010,,99.8,,,,,,,,,,,,,
MUS,2011,,99.8,,,,5.5,,,,,,,,,
MUS,2012,,99.8,,,,,,,,,,,,,
MUS,2013,,99.8,,,,,,,,,,,,,
MUS,2014,,99.8,,,,5.6,,,,,,,,,
MUS,2015,,99.8,,,,,,,,,,,,,
MUS,2016,,99.8,,,,5.6,,,,,,,,,
MUS,2017,,99.8,,,,6.2,,,,,,,,,
MWI,2007,,,,,,4.9,,,,,,,,,
MWI,2009,,,,,,5.1,,,,,,,,,
MWI,2010,,100.0,,,,,,,,,,,,,
MWI,2011,,100.0,,,,3.9,,,,,,,,,
MWI,2012,,100.0,,,,4.3,,,,,,,,,
MWI,2013,,100.0,,,,4.0,,,,,,,,,
MWI,2014,,100.0,,,,4.6,,,,,,,,,
MWI,2015,,100.0,,,,3.9,,,,,,,,,
MWI,2016,,100.0,,,,3.5,,,,,,,,,
MWI,2017,,100.0,,,,3.4,,,,,,,,,
MYS,2007,,,,,,6.2,,,,,,,,,
MYS,2008,,,,,,5.8,,,,,,,,,
MYS,2009,,,,,,5.4,,,,,,,,,
MYS,2010,,96.9,,,,5.6,,,,,,,,,
MYS,2011,,97.2,,,,5.8,,,,,,,,,
MYS,2012,,97.9,,,,5.9,,,,,,,,,
MYS,2013,,93.8,,,,5.8,,,,,,,,,
MYS,2014,,92.3,,,,6.0,,,,,,,,,
MYS,2015,,93.5,,,,6.3,,,,,,,,,
MYS,2016,,90.8,,,,,,,,,,,,,
MYS,2017,,90.7,,,,,,,,,,,,,
NAM,2007,,,,,,4.9,,,,,,,,,
NAM,2010,,100.0,,,,,,,,,,,,,
NAM,2011,,100.0,,,,,,,,,,,,,
NAM,2012,,100.0,,,,,,,,,,,,,
NAM,2013,,100.0,,,,,,,,,,,,,
NAM,2014,,100.0,,,,4.6,,,,,,,,,
NAM,2015,,100.0,,,,,,,,,,,,,
NAM,2016,,100.0,,,,,,,,,,,,,
NAM,2017,,100.0,,,,4.4,,,,,,,,,
NER,2007,,,,,,4.3,,,,,,,,,
NER,2008,,,,,,4.2,,,,,,,,,
NER,2009,,,,,,4.3,,,,,,,,,
NER,2010,,100.0,,,,4.1,,,,,,,,,
NER,2011,,100.0,,,,4.6,,,,,,,,,
NER,2012,,100.0,,,,3.8,,,,,,,,,
NER,2013,,100.0,,,,3.7,,,,,,,,,
NER,2014,,100.0,,,,4.2,,,,,,,,,
NER,2015,,100.0,,,,3.7,,,,,,,,,
NER,2016,,100.0,,,,4.2,,,,,,,,,
NER,2017,,100.0,,,,4.6,,,,,,,,,
NGA,2007,,,,,,4.9,,,,,,,,,
NGA,2008,,,,,,4.9,,,,,,,,,
NGA,2009,,,,,,5.0,,,,,,,,,
NGA,2010,,99.9,,,,4.8,,,,,,,,,
NGA,2011,,99.9,,,,,,,,,,,,,
NGA,2012,,99.9,,,,5.5,,,,,,,,,
NGA,2013,,99.9,,,,4.8,,,,,,,,,
NGA,2014,,99.9,,,,,,,,,,,,,
NGA,2015,,99.9,,,,4.9,,,,,,,,,
NGA,2016,,99.9,,,,5.2,,,,,,,,,
NGA,2017,,99.9,,,,5.3,,,,,,,,,
NIC,2007,,,,,,4.9,,,,,,,,,
NIC,2010,,99.6,,,,,,,,,,,,,
NIC,2011,,99.6,,,,,,,,,,,,,
NIC,2012,,99.6,,,,,,,,,,,,,
NIC,2013,,99.6,,,,,,,,,,,,,
NIC,2014,,99.6,,,,,,,,,,,,,
NIC,2015,,99.6,,,,,,,,,,,,,
NIC,2016,,99.4,,,,,,,,,,,,,
NIC,2017,,99.4,,,,,,,,,,,,,
NLD,2007,42.4,,51917.5,1429.0,,,7550.6,73.5,9.6,23.1,240.6,8.0,189,80.3,45.5
NLD,2008,41.1,,52231.3,1429.0,,,7258.5,74.9,9.7,23.3,241.2,8.4,"1,905",80.5,46.9
NLD,2009,40.6,,54464.0,1420.0,,,7667.5,74.6,9.4,22.6,239.3,8.9,193,80.8,47.2
NLD,2010,40.6,100.0,54477.2,1420.0,,,7922.2,73.9,9.1,20.9,240.1,9.2,"1,935",81.0,48.2
NLD,2011,40.2,100.0,54140.3,1420.0,,,7999.3,74.2,9.0,20.8,237.6,9.5,"1,965",81.3,48.2
NLD,2012,39.0,100.0,54362.2,1411.0,,,8094.3,74.3,9.1,18.4,235.0,10.0,195,81.2,47.9
NLD,2013,41.9,99.9,54555.0,1415.0,,,8160.9,73.6,8.7,18.5,224.3,10.5,197,81.4,45.6
NLD,2014,41.5,99.9,54260.7,1426.0,,,8088.0,73.1,8.4,19.1,222.6,10.4,200,81.8,48.2
NLD,2015,41.1,99.8,54892.6,1426.0,,,8069.1,74.2,8.3,19.0,223.6,10.5,"1,975",81.6,47.4
NLD,2016,41.1,99.5,55131.6,1438.0,,,,74.8,8.2,18.0,224.6,10.5,198,81.6,47.6
NLD,2017,41.2,99.5,54633.8,1435.0,,,,75.8,8.3,16.8,,,"1,995",81.8,47.3
NOR,2007,44.7,,44498.6,1426.0,,,11868.7,76.8,6.6,22.0,217.1,10.5,191,80.6,
NOR,2008,44.7,,45529.0,1429.5,,,11547.5,78.0,6.8,21.0,213.4,10.6,193,80.8,46.0
NOR,2009,44.0,,46005.9,1406.8,,,13089.7,76.4,6.7,21.0,208.5,11.9,"1,955",81.0,
NOR,2010,43.3,16.3,46594.2,1415.3,,,12780.7,75.3,6.6,19.0,212.7,11.2,196,81.2,
NOR,2011,43.8,31.2,48180.0,1421.1,,,12431.9,75.3,6.4,17.0,208.1,12.1,198,81.4,
NOR,2012,43.5,7.4,49465.1,1419.7,,,12560.9,75.8,6.2,16.0,204.2,10.2,"1,965",81.5,46.0
NOR,2013,42.6,3.9,50448.6,1408.1,,,12813.9,75.4,6.2,15.0,196.4,10.8,"1,995",81.8,
NOR,2014,40.2,3.9,50749.0,1426.9,,,13473.0,75.2,6.1,13.0,198.2,10.5,202,82.2,
NOR,2015,39.7,3.8,50994.1,1423.9,,,14711.2,74.8,6.0,13.0,193.2,11.1,"2,025",82.4,46.0
NOR,2016,39.2,3.8,50207.1,1424.4,,,,74.3,6.0,12.0,189.8,11.6,"2,035",82.5,
NOR,2017,38.8,3.8,50412.1,1419.1,,,,74.0,6.0,11.0,,,"2,045",82.7,
NPL,2010,,100.0,,,,,,,,,,,,,
NPL,2011,,100.0,,,,,,,,,,,,,
NPL,2012,,100.0,,,,,,,,,,,,,
NPL,2013,,100.0,,,,,,,,,,,,,
NPL,2014,,100.0,,,,,,,,,,,,,
NPL,2015,,100.0,,,,,,,,,,,,,
NPL,2016,,100.0,,,,,,,,,,,,,
NPL,2017,,100.0,,,,,,,,,,,,,
NZL,2007,,,38387.9,1774.0,,,5830.2,75.1,9.2,18.1,229.8,11.9,194,80.3,62.5
NZL,2008,,,37964.8,1761.0,,,6124.9,74.6,9.5,,225.3,12.3,195,80.5,
NZL,2009,,,38433.3,1740.0,,,6504.1,72.8,9.3,,216.5,12.0,"1,965",80.7,64.7
NZL,2010,,10.3,38802.8,1755.0,,,6416.6,72.2,9.6,,213.9,12.4,"1,975",80.8,
NZL,2011,,10.7,38803.6,1746.0,,,6420.6,72.5,9.5,,215.7,11.3,"1,985",81.0,
NZL,2012,,5.5,39621.7,1734.0,,,6575.1,72.0,9.2,16.3,209.9,12.5,200,81.2,64.3
NZL,2013,,1.4,39110.6,1752.0,,,6425.9,72.8,9.2,15.6,211.4,11.8,201,81.4,64.8
NZL,2014,38.4,0.3,39419.1,1762.0,,,6592.4,74.2,9.1,15.7,210.2,11.5,"2,025",81.5,65.1
NZL,2015,40.7,0.3,40255.7,1757.0,,,6612.5,74.3,8.7,15.0,,,204,81.7,65.6
NZL,2016,40.3,0.0,41765.0,1752.0,,,6600.3,75.6,8.9,14.2,,,"2,045",81.7,66.8
NZL,2017,41.2,0.0,41953.6,1753.0,,,6536.7,76.9,8.8,13.8,,,"2,065",81.9,66.6
OAVG,2007,45.1,,,,,,,,,,,,,,
OAVG,2008,45.0,,,,,,,,,,,,,,
OAVG,2009,44.7,,,,,,,,,,,,,,
OAVG,2010,44.8,,,,,,,,,,,,,,
OAVG,2011,44.5,,,,,,,,,,,,,,
OAVG,2012,44.5,,,,,,,,,,,,,,
OAVG,2013,44.3,,,,,,,,,,,,,,
OAVG,2014,43.6,,,,,,,,,,,,,,
OAVG,2015,43.4,,,,,,,,,,,,,,
OAVG,2016,43.1,,,,,,,,,,,,,,
OAVG,2017,42.5,,,,,,,,,,,,,,
OEC,2007,,,44014.9,1768.0,,,6490.1,66.4,,,,,,,
OEC,2008,,,43934.2,1766.0,,,6726.8,66.3,,,,,,,
OEC,2009,,,44258.6,1731.0,,,7132.9,64.6,,,,,,,
OEC,2010,,,44418.8,1751.0,,,7203.4,64.4,,,,,,,
OEC,2011,,,44590.6,1750.0,,,7171.4,64.7,,,,,,,
OEC,2012,,,44581.8,1748.0,,,7232.7,64.9,,,,,,,
OEC,2013,,,44696.3,1744.0,,,7314.9,65.1,,,,,,,
OEC,2014,,,44996.7,1742.0,,,7404.3,65.7,,,,,,,
OEC,2015,,,45708.8,1743.0,,,7071.1,66.3,,,,,,,
OEC,2016,,,46016.7,1743.0,,,,67.0,,,,,,,
OEC,2017,,,46293.9,1737.0,,,,67.7,,,,,,,
OECD,2010,,74.7,,,,,,,,,,,,,
OECD,2011,,77.6,,,,,,,,,,,,,
OECD,2012,,71.0,,,,,,,,,,,,,
OECD,2013,,68.4,,,,,,,,,,,,,
OECD,2014,,63.8,,,,,,,,,,,,,
OECD,2015,,63.3,,,,,,,,,,,,,
OECD,2016,,58.6,,,,,,,,,,,,,
OECD,2017,,58.7,,,,,,,,,,,,,
OECDE,2010,,88.5,,,,,,,,,,,,,
OECDE,2011,,89.9,,,,,,,,,,,,,
OECDE,2012,,86.4,,,,,,,,,,,,,
OECDE,2013,,85.1,,,,,,,,,,,,,
OECDE,2014,,80.7,,,,,,,,,,,,,
OECDE,2015,,81.4,,,,,,,,,,,,,
OECDE,2016,,75.7,,,,,,,,,,,,,
OECDE,2017,,75.7,,,,,,,,,,,,,
OMN,2010,,98.9,,,,,,,,,,,,,
OMN,2011,,98.9,,,,,,,,,,,,,
OMN,2012,,98.9,,,,,,,,,,,,,
OMN,2013,,98.9,,,,,,,,,,,,,
OMN,2014,,98.9,,,,,,,,,,,,,
OMN,2015,,98.9,,,,,,,,,,,,,
OMN,2016,,98.9,,,,,,,,,,,,,
OMN,2017,,98.9,,,,,,,,,,,,,
PAK,2010,,99.7,,,,,,,,,,,,,
PAK,2011,,99.7,,,,,,,,,,,,,
PAK,2012,,99.7,,,,,,,,,,,,,
PAK,2013,,99.7,,,,,,,,,,,,,
PAK,2014,,99.7,,,,,,,,,,,,,
PAK,2015,,99.7,,,,,,,,,,,,,
PAK,2016,,99.7,,,,,,,,,,,,,
PAK,2017,,99.7,,,,,,,,,,,,,
PAN,2010,,94.5,,,,,,,,,,,,,
PAN,2011,,95.4,,,,,,,,,,,,,
PAN,2012,,94.8,,,,,,,,,,,,,
PAN,2013,,92.2,,,,,,,,,,,,,
PAN,2014,,89.4,,,,,,,,,,,,,
PAN,2015,,87.6,,,,,,,,,,,,,
PAN,2016,,74.4,,,,,,,,,,,,,
PAN,2017,,73.6,,,,,,,,,,,,,
PER,2010,,98.5,,,,,,,,,,,,,
PER,2011,,98.5,,,,,,,,,,,,,
PER,2012,,98.5,,,,,,,,,,,,,
PER,2013,,98.5,,,,,,,,,,,,,
PER,2014,,98.5,,,,,,,,,,,,,
PER,2015,,98.4,,,,,,,,,,,,,
PER,2016,,98.4,,,,,,,,,,,,,
PER,2017,,98.4,,,,,,,,,,,,,
PHL,2010,,98.5,,,,,,,,,,,,,
PHL,2011,,98.5,,,,,,,,,,,,,
PHL,2012,,98.5,,,,,,,,,,,,,
PHL,2013,,98.1,,,,,,,,,,,,,
PHL,2014,,97.6,,,,,,,,,,,,,
PHL,2015,,97.9,,,,,,,,,,,,,
PHL,2016,,95.6,,,,,,,,,,,,,
PHL,2017,,95.2,,,,,,,,,,,,,
PNG,2010,,97.6,,,,,,,,,,,,,
PNG,2011,,97.6,,,,,,,,,,,,,
PNG,2012,,97.6,,,,,,,,,,,,,
PNG,2013,,97.6,,,,,,,,,,,,,
PNG,2014,,97.6,,,,,,,,,,,,,
PNG,2015,,97.6,,,,,,,,,,,,,
PNG,2016,,97.5,,,,,,,,,,,,,
PNG,2017,,97.5,,,,,,,,,,,,,
POL,2007,67.6,,21878.2,1859.0,,,3674.6,57.0,10.3,,260.0,13.4,"1,675",75.4,
POL,2008,67.6,,23045.0,1852.0,,,3966.8,59.2,10.8,,255.6,14.4,"1,695",75.7,
POL,2009,66.8,,22999.0,1838.0,,,4259.4,59.4,10.2,23.8,251.8,16.3,170,75.8,52.2
POL,2010,66.0,100.0,23652.3,1834.0,,,4292.7,59.0,10.0,,244.2,15.9,173,76.5,
POL,2011,65.6,100.0,23654.2,1829.0,,,4247.8,59.3,10.3,,238.9,15.3,"1,765",76.8,
POL,2012,65.1,100.0,23445.5,1824.0,,,4340.5,59.7,10.2,,240.6,15.8,176,76.9,
POL,2013,64.4,100.0,23713.0,1821.0,,,4612.0,60.0,10.8,,234.7,15.5,177,77.1,
POL,2014,63.5,100.0,24195.8,1827.0,,,4735.0,61.7,10.5,22.7,234.0,14.8,"1,815",77.7,53.3
POL,2015,63.0,100.0,24726.1,1834.0,,,,62.9,10.5,,242.7,13.5,179,77.6,
POL,2016,62.6,99.9,25956.4,1836.0,,,,64.5,10.5,,236.7,11.6,"1,825",78.0,
POL,2017,62.2,99.9,27058.0,1815.0,,,,66.1,10.6,,,,"1,805",77.9,
PRK,2010,,99.7,,,,,,,,,,,,,
PRK,2011,,99.7,,,,,,,,,,,,,
PRK,2012,,99.7,,,,,,,,,,,,,
PRK,2013,,99.7,,,,,,,,,,,,,
PRK,2014,,99.7,,,,,,,,,,,,,
PRK,2015,,99.7,,,,,,,,,,,,,
PRK,2016,,99.7,,,,,,,,,,,,,
PRK,2017,,99.7,,,,,,,,,,,,,
PRT,2007,13.8,,26068.6,1745.0,,,6012.6,67.6,12.6,,197.6,8.9,186,79.2,
PRT,2008,13.9,,25983.9,1733.0,,,6142.4,68.0,12.4,,198.7,9.0,188,79.5,
PRT,2009,15.2,,27184.2,1733.0,,,6586.4,66.1,12.0,,198.3,8.9,190,79.7,
PRT,2010,16.5,50.9,27080.3,1735.0,,,6689.8,65.3,12.2,,198.4,9.3,191,80.0,
PRT,2011,17.8,55.0,26436.5,1714.0,,,6554.3,63.8,11.9,,198.7,8.6,197,80.6,
PRT,2012,19.1,29.4,25294.2,1698.0,,,6351.4,61.4,10.9,,196.7,9.0,"1,945",80.5,
PRT,2013,20.7,29.4,25813.9,1707.0,,,6583.7,60.6,10.5,,195.0,8.7,197,80.8,
PRT,2014,21.6,23.8,25360.1,1714.0,,,6546.9,62.6,10.4,16.8,194.1,10.2,200,81.2,52.8
PRT,2015,22.3,26.2,25307.3,1722.0,,,6418.8,63.9,10.5,,194.3,9.3,"1,985",81.2,67.6
PRT,2016,23.1,14.0,25349.8,1725.0,,,,65.2,10.7,,196.0,8.1,199,81.2,
PRT,2017,23.9,15.1,25288.7,1727.0,,,,67.8,,,,,202,81.5,
PRY,2010,,100.0,,,,,,,,,,,,,
PRY,2011,,100.0,,,,,,,,,,,,,
PRY,2012,,100.0,,,,,,,,,,,,,
PRY,2013,,100.0,,,,,,,,,,,,,
PRY,2014,,100.0,,,,,,,,,,,,,
PRY,2015,,100.0,,,,,,,,,,,,,
PRY,2016,,99.3,,,,,,,,,,,,,
PRY,2017,,99.4,,,,,,,,,,,,,
QAT,2010,,100.0,,,,,,,,,,,,,
QAT,2011,,100.0,,,,,,,,,,,,,
QAT,2012,,100.0,,,,,,,,,,,,,
QAT,2013,,100.0,,,,,,,,,,,,,
QAT,2014,,100.0,,,,,,,,,,,,,
QAT,2015,,100.0,,,,,,,,,,,,,
QAT,2016,,100.0,,,,,,,,,,,,,
QAT,2017,,100.0,,,,,,,,,,,,,
ROU,2010,,100.0,,,,,,,,,,,,,
ROU,2011,,100.0,,,,,,,,,,,,,
ROU,2012,,99.1,,,,,,,,,,,,,
ROU,2013,,98.9,,,,,,,,,,,,,
ROU,2014,,97.9,,,,,,,,,,,,,
ROU,2015,,98.9,,,,,,,,,,,,,
ROU,2016,,97.6,,,,,,,,,,,,,
ROU,2017,,97.5,,,,,,,,,,,,,
RUS,2007,,,,1999.0,,,,,,,214.0,28.0,139,67.7,
RUS,2008,,,,1997.0,,,,,18.0,,213.7,26.1,140,68.1,
RUS,2009,,,,1974.0,,,,,16.1,39.4,216.1,25.4,"1,425",68.8,
RUS,2010,42.4,95.9,,1976.0,,,,,15.8,,211.6,22.5,143,69.0,
RUS,2011,42.2,95.2,,1979.0,,,,,15.2,,208.9,21.0,148,69.8,
RUS,2012,42.5,94.4,,1982.0,,,,,14.6,,205.0,20.0,"1,495",70.2,
RUS,2013,42.0,92.2,,1980.0,,,,,13.9,,203.6,19.3,"1,525",70.7,
RUS,2014,41.8,92.1,,1985.0,,,,,13.8,,203.5,17.9,"1,535",70.9,
RUS,2015,41.2,90.3,,1978.0,,,,,13.0,,,,"1,545",71.3,
RUS,2016,40.9,90.4,,1974.0,,,,,12.1,30.3,,,"1,555",71.8,
RUS,2017,38.5,90.3,,1980.0,,,,,11.1,,,,"1,585",72.6,
RWA,2010,,100.0,,,,,,,,,,,,,
RWA,2011,,100.0,,,,,,,,,,,,,
RWA,2012,,100.0,,,,,,,,,,,,,
RWA,2013,,100.0,,,,,,,,,,,,,
RWA,2014,,100.0,,,,,,,,,,,,,
RWA,2015,,100.0,,,,,,,,,,,,,
RWA,2016,,100.0,,,,,,,,,,,,,
RWA,2017,,100.0,,,,,,,,,,,,,
SAU,2010,,99.6,,,,,,,,,,,,,
SAU,2011,,99.6,,,,,,,,,,,,,
SAU,2012,,99.6,,,,,,,,,,,,,
SAU,2013,,99.6,,,,,,,,,,,,,
SAU,2014,31.8,99.6,,,,,,,,,,,,,
SAU,2015,,99.6,,,,,,,,,,,,,
SAU,2016,32.9,99.6,,,,,,,,,,,,,
SAU,2017,,99.6,,,,,,,,,,,,,
SDN,2010,,100.0,,,,,,,,,,,,,
SDN,2011,,100.0,,,,,,,,,,,,,
SDN,2012,,100.0,,,,,,,,,,,,,
SDN,2013,,100.0,,,,,,,,,,,,,
SDN,2014,,100.0,,,,,,,,,,,,,
SDN,2015,,100.0,,,,,,,,,,,,,
SDN,2016,,100.0,,,,,,,,,,,,,
SDN,2017,,100.0,,,,,,,,,,,,,
SEN,2010,,100.0,,,,,,,,,,,,,
SEN,2011,,100.0,,,,,,,,,,,,,
SEN,2012,,100.0,,,,,,,,,,,,,
SEN,2013,,100.0,,,,,,,,,,,,,
SEN,2014,,100.0,,,,,,,,,,,,,
SEN,2015,,100.0,,,,,,,,,,,,,
SEN,2016,,100.0,,,,,,,,,,,,,
SEN,2017,,100.0,,,,,,,,,,,,,
SGP,2010,,100.0,,,,,,,,,,,,,
SGP,2011,,100.0,,,,,,,,,,,,,
SGP,2012,,100.0,,,,,,,,,,,,,
SGP,2013,,100.0,,,,,,,,,,,,,
SGP,2014,,100.0,,,,,,,,,,,,,
SGP,2015,,100.0,,,,,,,,,,,,,
SGP,2016,,100.0,,,,,,,,,,,,,
SGP,2017,,100.0,,,,,,,,,,,,,
SLE,2010,,99.7,,,,,,,,,,,,,
SLE,2011,,99.7,,,,,,,,,,,,,
SLE,2012,,99.7,,,,,,,,,,,,,
SLE,2013,,99.7,,,,,,,,,,,,,
SLE,2014,,99.7,,,,,,,,,,,,,
SLE,2015,,99.7,,,,,,,,,,,,,
SLE,2016,,99.7,,,,,,,,,,,,,
SLE,2017,,99.7,,,,,,,,,,,,,
SLV,2010,,99.7,,,,,,,,,,,,,
SLV,2011,,99.7,,,,,,,,,,,,,
SLV,2012,,99.7,,,,,,,,,,,,,
SLV,2013,,99.7,,,,,,,,,,,,,
SLV,2014,,99.7,,,,,,,,,,,,,
SLV,2015,,99.7,,,,,,,,,,,,,
SLV,2016,,99.7,,,,,,,,,,,,,
SLV,2017,,99.7,,,,,,,,,,,,,
SOM,2010,,99.5,,,,,,,,,,,,,
SOM,2011,,99.5,,,,,,,,,,,,,
SOM,2012,,99.5,,,,,,,,,,,,,
SOM,2013,,99.5,,,,,,,,,,,,,
SOM,2014,,99.5,,,,,,,,,,,,,
SOM,2015,,99.5,,,,,,,,,,,,,
SOM,2016,,99.5,,,,,,,,,,,,,
SOM,2017,,99.5,,,,,,,,,,,,,
SRB,2010,,100.0,,,,,,,,,,,,,
SRB,2011,,100.0,,,,,,,,,,,,,
SRB,2012,,100.0,,,,,,,,,,,,,
SRB,2013,,100.0,,,,,,,,,,,,,
SRB,2014,,100.0,,,,,,,,,,,,,
SRB,2015,,100.0,,,,,,,,,,,,,
SRB,2016,,100.0,,,,,,,,,,,,,
SRB,2017,,100.0,,,,,,,,,,,,,
SVK,2007,,,20514.4,1791.0,,,3635.5,60.7,10.7,,254.9,,"1,555",74.5,
SVK,2008,,,20718.3,1793.0,,,3847.1,62.2,11.2,,251.5,10.7,158,75.0,51.5
SVK,2009,,,21416.5,1780.0,,,4308.2,60.2,10.7,19.5,246.1,10.8,"1,605",75.3,50.8
SVK,2010,74.7,,22359.8,1805.0,,,4465.7,58.8,10.1,,247.2,11.3,"1,605",75.6,
SVK,2011,75.2,,22161.1,1793.0,,,4538.5,59.3,10.2,,,,"1,645",76.1,
SVK,2012,75.2,,21916.8,1789.0,,,4646.6,59.7,10.1,,254.7,10.2,"1,655",76.2,
SVK,2013,73.6,100.0,22082.5,1772.0,,,4758.6,59.9,9.9,,260.5,10.9,"1,675",76.5,
SVK,2014,72.6,100.0,22510.9,1760.0,,,4902.3,61.0,10.1,22.9,258.6,9.7,171,76.9,54.2
SVK,2015,72.7,100.0,23344.0,1754.0,,,5005.8,62.7,10.2,,,,169,76.7,
SVK,2016,71.9,100.0,24053.1,1740.0,,,,64.8,9.9,,,,"1,725",77.3,
SVK,2017,70.5,100.0,24719.5,1714.0,,,,66.2,9.7,,,,172,77.3,
SVN,2007,,,33606.5,1654.9,,,5761.6,67.8,11.0,18.9,260.9,19.9,"1,805",78.3,55.1
SVN,2008,,,34097.2,1673.7,,,5987.4,68.6,11.0,,262.0,18.6,"1,845",79.1,
SVN,2009,,,34435.8,1678.8,,,6187.2,67.5,10.5,,258.2,20.0,"1,845",79.3,
SVN,2010,70.1,100.0,35473.8,1680.1,,,6495.2,66.2,10.3,,257.3,18.6,189,79.8,
SVN,2011,69.8,100.0,35340.8,1663.2,,,6555.5,64.4,10.6,,249.8,19.3,190,80.1,
SVN,2012,68.2,100.0,34227.7,1644.6,,,6374.6,64.1,11.0,,242.3,19.3,191,80.2,
SVN,2013,59.6,,33748.9,1662.4,,,6371.4,63.3,9.5,,247.8,19.6,193,80.4,
SVN,2014,59.4,,34282.5,1681.9,,,6345.8,63.9,10.9,18.9,235.1,16.9,"1,965",81.2,55.6
SVN,2015,60.0,,34933.6,1687.8,,,6364.5,65.2,11.5,,243.3,18.1,195,80.9,
SVN,2016,59.6,100.0,36153.4,1652.9,,,,65.8,10.5,,,,"1,985",81.3,
SVN,2017,59.4,100.0,36883.0,1621.7,,,,69.3,10.1,,,,"1,965",81.1,
SWE,2007,,,39137.1,1472.0,,,10882.1,74.2,7.0,13.8,198.3,11.9,"1,935",81.1,44.6
SWE,2008,,,39678.8,1477.0,,,10765.5,74.3,7.0,14.6,195.3,12.2,"1,945",81.3,44.9
SWE,2009,,,39938.3,1470.0,,,10945.8,72.2,7.3,14.0,192.8,12.9,197,81.5,45.5
SWE,2010,58.5,100.0,40175.4,1494.0,,,10929.3,72.2,7.3,13.6,189.1,11.7,"1,975",81.6,46.4
SWE,2011,57.6,100.0,40680.6,1491.0,,,10854.2,73.6,7.4,13.1,187.5,11.4,199,81.9,46.3
SWE,2012,57.1,100.0,41581.0,1478.0,,,11128.4,73.8,7.2,12.8,188.3,11.6,198,81.8,47.1
SWE,2013,56.6,100.0,42015.8,1470.0,,,11452.6,74.4,7.3,10.7,186.2,12.3,"2,005",82.0,46.9
SWE,2014,56.6,99.9,42444.1,1470.0,,,11476.3,74.8,7.2,11.9,184.6,11.4,"2,025",82.3,46.5
SWE,2015,53.4,99.9,43159.4,1471.0,,,11664.1,75.5,7.2,11.2,184.7,11.7,202,82.3,48.3
SWE,2016,53.3,,43735.7,1482.0,,,,76.2,7.2,10.9,179.6,11.1,203,82.4,48.8
SWE,2017,53.0,,43987.5,1470.0,,,,76.8,7.1,10.4,,,"2,035",82.5,48.2
SWZ,2010,52.7,,,,,,,,,,,,,,
SWZ,2011,52.4,4.2,,,,,,,,,,,,,
SWZ,2012,51.9,6.2,,,,,,,,,,,,,
SWZ,2013,51.8,3.1,,,,,,,,,,,,,
SWZ,2014,51.1,3.0,,,,,,,,,,,,,
SWZ,2015,42.9,3.2,,,,,,,,,,,,,
SWZ,2016,42.2,3.0,,,,,,,,,,,,,
SWZ,2017,41.6,3.0,,,,,,,,,,,,,
SYR,2010,41.1,3.0,,,,,,,,,,,,,
SYR,2011,,100.0,,,,,,,,,,,,,
SYR,2012,,100.0,,,,,,,,,,,,,
SYR,2013,,100.0,,,,,,,,,,,,,
SYR,2014,,100.0,,,,,,,,,,,,,
SYR,2015,,100.0,,,,,,,,,,,,,
SYR,2016,,100.0,,,,,,,,,,,,,
SYR,2017,,100.0,,,,,,,,,,,,,
TCD,2010,,100.0,,,,,,,,,,,,,
TCD,2011,,99.8,,,,,,,,,,,,,
TCD,2012,,99.8,,,,,,,,,,,,,
TCD,2013,,99.8,,,,,,,,,,,,,
TCD,2014,,99.8,,,,,,,,,,,,,
TCD,2015,,99.8,,,,,,,,,,,,,
TCD,2016,,99.8,,,,,,,,,,,,,
TCD,2017,,99.8,,,,,,,,,,,,,
TGO,2010,,99.8,,,,,,,,,,,,,
TGO,2011,,100.0,,,,,,,,,,,,,
TGO,2012,,100.0,,,,,,,,,,,,,
TGO,2013,,100.0,,,,,,,,,,,,,
TGO,2014,,100.0,,,,,,,,,,,,,
TGO,2015,,100.0,,,,,,,,,,,,,
TGO,2016,,100.0,,,,,,,,,,,,,
TGO,2017,,100.0,,,,,,,,,,,,,
THA,2010,,100.0,,,,,,,,,,,,,
THA,2011,,99.9,,,,,,,,,,,,,
THA,2012,,99.9,,,,,,,,,,,,,
THA,2013,,99.9,,,,,,,,,,,,,
THA,2014,,99.9,,,,,,,,,,,,,
THA,2015,,99.9,,,,,,,,,,,,,
THA,2016,,99.9,,,,,,,,,,,,,
THA,2017,,99.9,,,,,,,,,,,,,
TJK,2010,,99.9,,,,,,,,,,,,,
TJK,2011,,99.7,,,,,,,,,,,,,
TJK,2012,,99.7,,,,,,,,,,,,,
TJK,2013,,99.7,,,,,,,,,,,,,
TJK,2014,,99.7,,,,,,,,,,,,,
TJK,2015,,99.7,,,,,,,,,,,,,
TJK,2016,,99.7,,,,,,,,,,,,,
TJK,2017,,99.7,,,,,,,,,,,,,
TKM,2010,,99.7,,,,,,,,,,,,,
TKM,2011,,100.0,,,,,,,,,,,,,
TKM,2012,,100.0,,,,,,,,,,,,,
TKM,2013,,100.0,,,,,,,,,,,,,
TKM,2014,,100.0,,,,,,,,,,,,,
TKM,2015,,100.0,,,,,,,,,,,,,
TKM,2016,,100.0,,,,,,,,,,,,,
TKM,2017,,100.0,,,,,,,,,,,,,
TLS,2010,,100.0,,,,,,,,,,,,,
TLS,2011,,100.0,,,,,,,,,,,,,
TLS,2012,,100.0,,,,,,,,,,,,,
TLS,2013,,100.0,,,,,,,,,,,,,
TLS,2014,,100.0,,,,,,,,,,,,,
TLS,2015,,100.0,,,,,,,,,,,,,
TLS,2016,,100.0,,,,,,,,,,,,,
TLS,2017,,100.0,,,,,,,,,,,,,
TTO,2010,,100.0,,,,,,,,,,,,,
TTO,2011,,100.0,,,,,,,,,,,,,
TTO,2012,,100.0,,,,,,,,,,,,,
TTO,2013,,100.0,,,,,,,,,,,,,
TTO,2014,,100.0,,,,,,,,,,,,,
TTO,2015,,100.0,,,,,,,,,,,,,
TTO,2016,,100.0,,,,,,,,,,,,,
TTO,2017,,100.0,,,,,,,,,,,,,
TUN,2010,,100.0,,,,,,,,,,,,,
TUN,2011,,99.1,,,,,,,,,,,,,
TUN,2012,,99.1,,,,,,,,,,,,,
TUN,2013,,99.1,,,,,,,,,,,,,
TUN,2014,,99.1,,,,,,,,,,,,,
TUN,2015,,99.1,,,,,,,,,,,,,
TUN,2016,,99.1,,,,,,,,,,,,,
TUN,2017,,99.1,,,,,,,,,,,,,
TUR,2007,,,,1911.0,,,1879.6,44.6,1.3,,,,148,73.7,
TUR,2008,,,,1900.0,,,1906.2,44.9,1.5,27.4,,,149,73.9,47.6
TUR,2009,,,,1881.0,,,2101.8,44.2,1.5,,147.5,2.0,"1,495",74.1,
TUR,2010,,,,1877.0,,,2131.8,46.3,1.5,25.4,152.8,2.4,150,74.3,49.9
TUR,2011,,,,1864.2,,,2247.8,48.4,1.5,,156.0,1.7,151,74.6,55.4
TUR,2012,,,,1855.1,,,2354.3,48.9,1.6,23.8,155.5,2.1,151,74.6,52.0
TUR,2013,,,,1832.0,,,2482.5,49.5,1.4,,166.1,2.6,"1,785",78.0,
TUR,2014,,,,1832.0,,,2558.5,49.5,1.5,27.3,164.3,2.3,178,78.0,53.6
TUR,2015,,,,1832.0,,,2656.9,50.1,1.4,,160.8,2.1,"1,775",78.0,
TUR,2016,,,,,,,2936.5,50.6,1.3,26.5,160.6,2.6,177,78.0,53.9
TUR,2017,,,,,,,,51.5,1.4,,,,176,78.1,64.4
TZA,2010,,99.1,,,,,,,,,,,,,
TZA,2011,,99.4,,,,,,,,,,,,,
TZA,2012,,99.4,,,,,,,,,,,,,
TZA,2013,,99.4,,,,,,,,,,,,,
TZA,2014,,99.4,,,,,,,,,,,,,
TZA,2015,,99.4,,,,,,,,,,,,,
TZA,2016,,99.4,,,,,,,,,,,,,
TZA,2017,,99.4,,,,,,,,,,,,,
UGA,2010,,99.4,,,,,,,,,,,,,
UGA,2011,18.3,,,,,,,,,,,,,,
UGA,2012,18.3,,,,,,,,,,,,,,
UGA,2013,18.3,,,,,,,,,,,,,,
UGA,2014,18.1,,,,,,,,,,,,,,
UGA,2015,18.1,,,,,,,,,,,,,,
UGA,2016,18.6,,,,,,,,,,,,,,
UGA,2017,18.9,,,,,,,,,,,,,,
UKR,2010,18.9,,,,,,,,,,,,,,
UKR,2011,19.0,,,,,,,,,,,,,,
UKR,2012,19.2,,,,,,,,,,,,,,
UKR,2013,19.3,,,,,,,,,,,,,,
UKR,2014,,100.0,,,,,,,,,,,,,
UKR,2015,,100.0,,,,,,,,,,,,,
UKR,2016,,100.0,,,,,,,,,,,,,
UKR,2017,,100.0,,,,,,,,,,,,,
URY,2010,,100.0,,,,,,,,,,,,,
URY,2011,,100.0,,,,,,,,,,,,,
URY,2012,,100.0,,,,,,,,,,,,,
URY,2013,,100.0,,,,,,,,,,,,,
URY,2014,,100.0,,,,,,,,,,,,,
URY,2015,,100.0,,,,,,,,,,,,,
URY,2016,,100.0,,,,,,,,,,,,,
URY,2017,,100.0,,,,,,,,,,,,,
UGA,2014,,100.0,,,,,,,,,,,,,
UGA,2015,,100.0,,,,,,,,,,,,,
UGA,2016,,100.0,,,,,,,,,,,,,
UGA,2017,,100.0,,,,,,,,,,,,,
UKR,2010,,99.9,,,,,,,,,,,,,
UKR,2011,,99.9,,,,,,,,,,,,,
UKR,2012,,99.9,,,,,,,,,,,,,
UKR,2013,,99.9,,,,,,,,,,,,,
UKR,2014,,99.9,,,,,,,,,,,,,
UKR,2015,,99.9,,,,,,,,,,,,,
UKR,2016,,99.9,,,,,,,,,,,,,
UKR,2017,,99.9,,,,,,,,,,,,,
URY,2010,,88.2,,,,,,,,,,,,,
URY,2011,,95.3,,,,,,,,,,,,,
URY,2012,,67.0,,,,,,,,,,,,,
URY,2013,,61.8,,,,,,,,,,,,,
URY,2014,,22.5,,,,,,,,,,,,,
URY,2015,,19.8,,,,,,,,,,,,,
URY,2016,,16.1,,,,,,,,,,,,,
URY,2017,,16.1,,,,,,,,,,,,,
USA,2007,47.6,,58597.3,1795.0,,,7900.3,71.8,8.7,15.4,206.8,11.7,187,78.1,61.9
USA,2008,47.6,,58400.9,1787.0,,,8158.0,70.9,8.7,16.5,202.8,12.0,187,78.1,67.9
USA,2008,47.6,,58400.9,1787.0,,,8158.0,70.9,8.7,16.5,202.8,12.0,187,78.1,62.6
USA,2009,47.4,,58872.6,1762.0,,,8915.4,67.6,8.7,16.1,200.3,12.2,190,78.5,63.5
USA,2010,47.3,37.2,59476.6,1773.0,,,9317.3,66.7,8.6,15.1,197.9,12.5,190,78.6,68.8
USA,2010,47.3,37.2,59476.6,1773.0,,,9317.3,66.7,8.6,15.1,197.9,12.5,190,78.6,63.1
USA,2011,46.8,45.6,59562.5,1780.0,,,9277.2,66.6,8.7,14.8,194.5,12.8,191,78.7,63.1
USA,2012,46.3,27.9,60047.2,1783.0,,,9275.9,67.1,8.9,14.2,192.5,13.0,192,78.8,68.6
USA,2012,46.3,27.9,60047.2,1783.0,,,9275.9,67.1,8.9,14.2,192.5,13.0,192,78.8,63.5
USA,2013,45.7,20.3,59765.8,1781.0,,,9364.7,67.4,8.8,13.7,191.2,13.1,192,78.8,63.2
USA,2014,45.3,11.1,60618.0,1784.0,,,9505.7,68.1,8.8,12.9,189.3,13.5,193,78.9,70.1
USA,2014,45.3,11.1,60618.0,1784.0,,,9505.7,68.1,8.8,12.9,189.3,13.5,193,78.9,64.3
USA,2015,44.9,8.1,62106.3,1785.0,,,9734.4,68.7,8.9,11.4,183.6,13.8,"1,925",78.7,63.8
USA,2016,44.5,3.1,62153.1,1781.0,,,9875.2,69.4,8.9,11.8,180.6,13.9,"1,935",78.7,71.0
USA,2016,44.5,3.1,62153.1,1781.0,,,9875.2,69.4,8.9,11.8,180.6,13.9,"1,935",78.7,65.1
USA,2017,44.3,3.1,62727.4,1780.0,,,,70.1,,10.5,,,"1,935",78.6,65.5
UZB,2010,,100.0,,,,,,,,,,,,,
UZB,2011,,100.0,,,,,,,,,,,,,
UZB,2012,,100.0,,,,,,,,,,,,,
UZB,2013,,100.0,,,,,,,,,,,,,
UZB,2014,,100.0,,,,,,,,,,,,,
UZB,2015,,100.0,,,,,,,,,,,,,
UZB,2016,,100.0,,,,,,,,,,,,,
UZB,2017,,100.0,,,,,,,,,,,,,
VEN,2010,,99.7,,,,,,,,,,,,,
VEN,2011,,99.7,,,,,,,,,,,,,
VEN,2012,,99.7,,,,,,,,,,,,,
VEN,2013,,99.7,,,,,,,,,,,,,
VEN,2014,,99.7,,,,,,,,,,,,,
VEN,2015,,99.7,,,,,,,,,,,,,
VEN,2016,,99.6,,,,,,,,,,,,,
VEN,2017,,99.6,,,,,,,,,,,,,
VNM,2010,,99.5,,,,,,,,,,,,,
VNM,2011,,99.5,,,,,,,,,,,,,
VNM,2012,,99.5,,,,,,,,,,,,,
VNM,2013,,99.5,,,,,,,,,,,,,
VNM,2014,,99.5,,,,,,,,,,,,,
VNM,2015,,99.5,,,,,,,,,,,,,
VNM,2016,,99.5,,,,,,,,,,,,,
VNM,2017,,99.5,,,,,,,,,,,,,
WLD,2010,,94.3,,,,,,,,,,,,,
WLD,2011,,94.9,,,,,,,,,,,,,
WLD,2012,,93.4,,,,,,,,,,,,,
WLD,2013,,92.6,,,,,,,,,,,,,
WLD,2014,,91.5,,,,,,,,,,,,,
WLD,2015,,91.3,,,,,,,,,,,,,
WLD,2016,,90.0,,,,,,,,,,,,,
WLD,2017,,89.9,,,,,,,,,,,,,
YEM,2010,,99.4,,,,,,,,,,,,,
YEM,2011,,99.4,,,,,,,,,,,,,
YEM,2012,,99.4,,,,,,,,,,,,,
YEM,2013,,99.4,,,,,,,,,,,,,
YEM,2014,,99.4,,,,,,,,,,,,,
YEM,2015,,99.4,,,,,,,,,,,,,
YEM,2016,,99.4,,,,,,,,,,,,,
YEM,2017,,99.4,,,,,,,,,,,,,
ZAF,2007,,,,,,,,44.4,8.8,,190.4,1.0,,53.1,
ZAF,2008,56.7,,,,,,,45.9,8.6,,182.5,1.1,,53.8,
ZAF,2009,58.8,,,,,,,43.9,8.0,,185.0,0.8,,54.8,
ZAF,2010,59.7,100.0,,,,,,41.8,7.3,20.3,184.8,0.9,,55.9,
ZAF,2011,60.7,100.0,,,,,,41.9,7.3,,185.0,0.8,,57.3,
ZAF,2012,62.2,100.0,,,,,,42.2,7.3,19.8,180.9,1.1,,58.6,
ZAF,2013,62.9,100.0,,,,,,42.7,7.2,,175.5,1.3,,59.9,
ZAF,2014,64.3,100.0,,,,,,42.8,7.2,,176.2,1.2,,61.0,
ZAF,2015,63.7,100.0,,,,,,43.7,7.1,19.0,187.2,1.0,,62.0,
ZAF,2016,64.7,100.0,,,,,,43.0,7.1,,,,,62.8,
ZAF,2017,65.8,100.0,,,,,,43.4,,,,,,63.4,
ZMB,2010,,100.0,,,,,,,,,,,,,
ZMB,2011,,100.0,,,,,,,,,,,,,
ZMB,2012,,100.0,,,,,,,,,,,,,
ZMB,2013,,100.0,,,,,,,,,,,,,
ZMB,2014,,100.0,,,,,,,,,,,,,
ZMB,2015,,100.0,,,,,,,,,,,,,
ZMB,2016,,100.0,,,,,,,,,,,,,
ZMB,2017,,100.0,,,,,,,,,,,,,
ZWE,2010,,100.0,,,,,,,,,,,,,
ZWE,2011,,100.0,,,,,,,,,,,,,
ZWE,2012,,100.0,,,,,,,,,,,,,
ZWE,2013,,100.0,,,,,,,,,,,,,
ZWE,2014,,100.0,,,,,,,,,,,,,
ZWE,2015,,100.0,,,,,,,,,,,,,
ZWE,2016,,100.0,,,,,,,,,,,,,
ZWE,2017,,100.0,,,,,,,,,,,,,
